ID,Type,SKU,Name,Published,Is featured?,Visibility in catalog,Short description,Description,Date sale price starts,Date sale price ends,Tax status,Tax class,In stock?,Stock,Low stock amount,Backorders allowed?,Sold individually?,Weight (kg),Length (cm),Width (cm),Height (cm),Allow customer reviews?,Purchase note,Sale price,Regular price,Categories,Tags,Shipping class,Images,Download limit,Download expiry days,Parent,Grouped products,Upsells,Cross-sells,External URL,Button text,Position,Meta: _wpcom_is_markdown,Attribute 1 name,Attribute 1 value(s),Attribute 1 visible,Attribute 1 global,Attribute 2 name,Attribute 2 value(s),Attribute 2 visible,Attribute 2 global,Attribute 3 name,Attribute 3 value(s),Attribute 3 visible,Attribute 3 global,Meta: subtitle,Meta: _subtitle,Meta: informacao_nutricional,Meta: _informacao_nutricional,Meta: modo_de_preparacao,Meta: _modo_de_preparacao,Meta: conservacao,Meta: _conservacao,Meta: outros,Meta: _outros,Meta: icons_0_icon_image,Meta: _icons_0_icon_image,Meta: icons_1_icon_image,Meta: _icons_1_icon_image,Meta: icons_2_icon_image,Meta: _icons_2_icon_image,Meta: icons_3_icon_image,Meta: _icons_3_icon_image,Meta: icons_4_icon_image,Meta: _icons_4_icon_image,Meta: icons_5_icon_image,Meta: _icons_5_icon_image,Meta: icons_6_icon_image,Meta: _icons_6_icon_image,Meta: icons,Meta: _icons,Download 1 name,Download 1 URL,Download 2 name,Download 2 URL
,simple,300120,Salsichas Soja,1,0,visible,"As Salsichas Soja trazem mais sabor a qualquer prato. Sem albumina de ovo, são vegan e têm base de soja com vegetais, aromas e especiarias. Sem corantes e sem conservantes, 100% origem vegetal, as Salsichas Soja têm alto teor em proteína e são uma solução super conveniente que pode ser incorporadas em pratos mais simples – como um pequeno-almoço de salsichas com ovos – ou em pratos mais robustos. Mais sabor para todas as refeições e para toda a família - delicia-te com a nossas Salsichas Soja Izidoro Veggie Lovers!","Ingredientes: Água, óleo de girassol, proteína isolada de SOJA, azeite, proteína de batata, cebola frita [cebola, óleo de palma, farinha de trigo (isento glúten) e sal], sal, vegetais, especiarias (contém AIPO), intensificadores de sabor (glutamato monossódico) e aroma de fumo.",,,taxable,,1,,,0,0,,,,,1,,,  3.95 ,IZIDORO VEGGIE LOVERS,,,https://loja.izidoro.pt/wp-content/uploads/2021/05/300120.png,,,,,,,,,0,1,Gama,VEGGIE,1,1,Espécie,Vegan,1,1,Tipo de Produto,Salsichas,1,1,5un 245g,,"Energia (100g) 931KJ/224KCAL\n Energia (por porção) 456KJ / 110KCAL\n Lípidos (100g) 18\n Lípidos (por porção) 8.8\n Dos quais saturados (100g) 2.4\n Dos quais saturados (por porção) 1.2\n Hidratos de Carbono (100g) 0.6\n Hidratos de Carbono (por porção) < 0,5\n Dos quais açucares (100g) < 0,5\n Dos quais açucares (por porção) < 0,5\n Fibra (100g) < 0,5\n Fibra (por porção) < 0,5\n Proteínas (100g) 15\n Proteínas (por porção) 7.4\n Sal (100g) 2\n Sal (por porção) 1",,,,,,Certificação V-Label; Vegan,field_609f9c50d4bed,106,field_609faed7a882e,99,field_609faed7a882e,100,field_609faed7a882e,101,field_609faed7a882e,102,field_609faed7a882e,103,field_609faed7a882e,98,field_609faed7a882e,7,field_609faec3a882d,,,,
,simple,300415,Salsichas Porco Frankfurt,1,0,visible,"Um clássico que não sai de moda.
Sem ideias para um pequeno-almoço, lanche, snack, almoço, jantar? As nossas Salsichas Frankfurt em versão Aves são aquele clássico que nunca falha, não podem é faltar na despensa. Super versáteis para qualquer hora do dia, que dão para petiscar diretamente da lata ou para fazer um brilharete quando estás sem tempo. Desde massas ou omeletes a wraps e saladas, asSalsichas Frankfurt vão ser as tuas melhores amigas para uma refeição onde sabor e conveniência são a palavra de ordem! Estás sem imaginação e queres sair da rotina? Inspira-te nas nossas receitas!","Ingredientes: Carne de suíno (Origem Portugal), água, carne separada mecanicamente de aves e de suíno, amido, proteína de SOJA, couratos, sal, gordura de suíno, fibra vegetal, especiarias (contém AIPO), emulsionantes (difosfatos), aromas de fumo, antioxidante (eritorbato de sódio) e conservante (nitrito de sódio).",,,taxable,,1,,,0,0,,,,,1,,,  1.55 ,IZIDORO O MERCEEIRO,,,https://loja.izidoro.pt/wp-content/uploads/2021/05/300415.png,,,,,,,,,0,1,Gama,ORIGINAL,1,1,Espécie,Porco e Aves,1,1,Tipo de Produto,Salsichas,1,1,10un 250g,,"Energia (100g) 589KJ/142KCAL\n Energia (por porção) 147KJ / 35KCAL\n Lípidos (100g) 10\n Lípidos (por porção) 2.6\n Dos quais saturados (100g) 3.8\n Dos quais saturados (por porção) 1\n Hidratos de Carbono (100g) 3.5\n Hidratos de Carbono (por porção) 0.9\n Dos quais açucares (100g) < 0,5\n Dos quais açucares (por porção) < 0,5\n \n \n Proteínas (100g) 8.7\n Proteínas (por porção) 2.2\n Sal (100g) 1.7\n Sal (por porção) 0.43",,,,,,,field_609f9c50d4bed,106,field_609faed7a882e,99,field_609faed7a882e,100,field_609faed7a882e,101,field_609faed7a882e,102,field_609faed7a882e,103,field_609faed7a882e,98,field_609faed7a882e,7,field_609faec3a882d,,,,
,simple,300419,Salsichas Porco Bockwurst,1,0,visible,"Receita alemã, com cunho bem português.
A nossa receita mais tradicional do tipo Bockwurst, ideal para aquecer ou grelhar e acompanhar com mostarda. Podes também confecionar com todo o tipo de massas, wraps ou acompanhar com ovos mexidos, para um pequeno-almoço bem português. Uma opção rápida de fazer, e ainda mais rápida de devorar. Estás sem ideias? Inspira-te nas nossas receitas!","Ingredientes: Carne de suíno (Origem Portugal), carne separada mecanicamente de aves e suíno, água, amido, couratos, sal, proteína de SOJA, fibra vegetal, dextrose, gordura de suíno e aves, emulsionantes (trifosfatos), especiarias, antioxidante (eritorbato de sódio) e conservante (nitrito de sódio).",,,taxable,,1,,,0,0,,,,,1,,,  2.65 ,IZIDORO O MERCEEIRO,,,https://loja.izidoro.pt/wp-content/uploads/2021/05/300419.png,,,,,,,,,0,1,Gama,ORIGINAL,1,1,Espécie,Porco e Aves,1,1,Tipo de Produto,Salsichas,1,1,5un 245g,,"Energia (100g) 554KJ / 133KCAL\n Energia (por porção) 277KJ / 66KCAL\n Lípidos (100g) 8.9\n Lípidos (por porção) 4.5\n Dos quais saturados (100g) 3.3\n Dos quais saturados (por porção) 1.7\n Hidratos de Carbono (100g) 4.7\n Hidratos de Carbono (por porção) 2.4\n Dos quais açucares (100g) < 0,5\n Dos quais açucares (por porção) < 0,5\n \n \n Proteínas (100g) 8.9\n Proteínas (por porção) 4.3\n Sal (100g) 1.6\n Sal (por porção) 0.8",,,,,,,field_609f9c50d4bed,106,field_609faed7a882e,99,field_609faed7a882e,100,field_609faed7a882e,101,field_609faed7a882e,102,field_609faed7a882e,103,field_609faed7a882e,98,field_609faed7a882e,7,field_609faec3a882d,,,,
,simple,300609,Salsichas Cocktail Porco,1,0,visible,"Para partilhar ou ao menos tentar.
As nossas Salsichas Cocktail são ideais para petiscar, fazer um snack a meio do dia, ou para quando queres impressionar os amigos e a família com uma entrada ou um apertivo 5 estrelas. Inspira-te nas nossas receitas para fazeres um brilharete de forma rápida, fácil e com todo o sabor. E há miúdos por perto? Esta versão ""mini"" também é excelente como opção para os mais pequenos!","Ingredientes: Carne de suíno (Origem Portugal), água, proteína de SOJA, sal, dextrose, especiarias (contem AIPO), emulsionantes (trifosfatos, difosfatos e polifosfatos), intensificador de sabor (glutamato monossódico), antioxidante (eritorbato de sódio) e conservante (nitrito de sódio).",,,taxable,,1,,,0,0,,,,,1,,,  1.99 ,IZIDORO O MERCEEIRO,,,https://loja.izidoro.pt/wp-content/uploads/2021/05/300609.png,,,,,,,,,0,1,Gama,ORIGINAL,1,1,Espécie,Porco e Aves,1,1,Tipo de Produto,Salsichas,1,1,170g,,"Energia (100g) 813KJ/196KCAL\n Energia (por porção) 65KJ / 16KCAL\n Lípidos (100g) 16\n Lípidos (por porção) 1.3\n Dos quais saturados (100g) 6.4\n Dos quais saturados (por porção) 0.5\n Hidratos de Carbono (100g) 0.8\n Hidratos de Carbono (por porção) < 0,5\n Dos quais açucares (100g) < 0,5\n Dos quais açucares (por porção) < 0,5\n \n \n Proteínas (100g) 12\n Proteínas (por porção) 1\n Sal (100g) 1.8\n Sal (por porção) 0.14",,,,,,,field_609f9c50d4bed,106,field_609faed7a882e,99,field_609faed7a882e,100,field_609faed7a882e,101,field_609faed7a882e,102,field_609faed7a882e,103,field_609faed7a882e,98,field_609faed7a882e,7,field_609faec3a882d,,,,
,simple,300795,Salsichas Aves,1,0,visible,"Tanto sabor que voam do prato.
A nossa receita mais tradicional do tipo Bockwurst mas em vertente Aves, ideal para aquecer ou grelhar e acompanhar com mostarda. Podes também confecionar com todo o tipo de massas, wraps ou acompanhar com ovos mexidos, para um pequeno-almoço bem português. Uma opção rápida de fazer, e ainda mais rápida de devorar. Estás sem ideias? Inspira-te nas nossas receitas!","INGREDIENTES: Carne separada mecanicamente de aves (origem UE) , água, carne de aves,  proteína de SOJA, amido, sal, emulsionante (trifosfato), dextrose, especiarias, intensificador de sabor (glutamato monossódico), antioxidante (eritorbato de sódio) e conservante (nitrito de sódio).  ",,,taxable,,1,,,0,0,,,,,1,,,  2.65 ,IZIDORO O MERCEEIRO,,,https://loja.izidoro.pt/wp-content/uploads/2021/05/300795.png,,,,,,,,,0,1,Gama,ORIGINAL,1,1,Espécie,Aves,1,1,Tipo de Produto,Salsichas,1,1,5un 245g,,"Energia (100g) 568KJ / 139KCAL\n Energia (por porção) 284KJ / 70KCAL\n Lípidos (100g) 9\n Lípidos (por porção) 4.5\n Dos quais saturados (100g) 3\n Dos quais saturados (por porção) 1.5\n Hidratos de Carbono (100g) 2.5\n Hidratos de Carbono (por porção) 1.3\n Dos quais açucares (100g) < 0,5\n Dos quais açucares (por porção) < 0,5\n \n \n Proteínas (100g) 12\n Proteínas (por porção) 6\n Sal (100g) 1.3\n Sal (por porção) 0.65",,,,,,,field_609f9c50d4bed,106,field_609faed7a882e,99,field_609faed7a882e,100,field_609faed7a882e,101,field_609faed7a882e,102,field_609faed7a882e,103,field_609faed7a882e,98,field_609faed7a882e,7,field_609faec3a882d,,,,
,simple,300881,Salsichas Porco Hot Dog ,1,0,visible,"Um HotDog de grande calibre.
A escolha com o calibre certo para o melhor cachorro quente. Aquece a salsicha, prepara o pão e escolhe os teus acompanhamentos e molhos favoritos para um snack ou uma refeição ligeira, rápida e carregada de sabor.","Ingredientes: Carne de suíno (Origem: Portugal), carne separada mecanicamente de aves e suíno, água, amido, couratos, sal, proteína de SOJA, fibra vegetal, dextrose, gordura de suíno e aves, emulsionantes (trifosfatos), especiarias, antioxidante (eritorbato de sódio) e conservante (nitrito de sódio).",,,taxable,,1,,,0,0,,,,,1,,,  2.65 ,IZIDORO O MERCEEIRO,,,https://loja.izidoro.pt/wp-content/uploads/2021/05/300881.png,,,,,,,,,0,1,Gama,ORIGINAL,1,1,Espécie,Porco e Aves,1,1,Tipo de Produto,Salsichas,1,1,4un 235g,,"Energia (100g) 554KJ / 133KCAL\n Energia (por porção) 332KJ / 80KCAL\n Lípidos (100g) 8.9\n Lípidos (por porção) 5.3\n Dos quais saturados (100g) 3.3\n Dos quais saturados (por porção) 2\n Hidratos de Carbono (100g) 4.7\n Hidratos de Carbono (por porção) 2.8\n Dos quais açucares (100g) < 0,5\n Dos quais açucares (por porção) < 0,5\n \n \n Proteínas (100g) 8.5\n Proteínas (por porção) 5.1\n Sal (100g) 16\n Sal (por porção) 1",,,,,,,field_609f9c50d4bed,106,field_609faed7a882e,99,field_609faed7a882e,100,field_609faed7a882e,101,field_609faed7a882e,102,field_609faed7a882e,103,field_609faed7a882e,98,field_609faed7a882e,7,field_609faec3a882d,,,,
,simple,301889,Salsichas Aves,1,0,visible,"Tanto sabor que voam do prato.
Sem ideias para um pequeno-almoço, lanche, snack, almoço, jantar? As nossas Salsichas Frankfurt em versão Aves são aquele clássico que nunca falha, não podem é faltar na despensa. Super versáteis para qualquer hora do dia, que dão para petiscar diretamente da lata ou para fazer um brilharete quando estás sem tempo. Desde massas ou omeletes a wraps e saladas, asSalsichas Frankfurt vão ser as tuas melhores amigas para uma refeição onde sabor e conveniência são a palavra de ordem! Estás sem imaginação e queres sair da rotina? Inspira-te nas nossas receitas!","INGREDIENTES: Carne separada mecanicamente de aves (origem UE) , água, carne de aves,  proteína de SOJA, amido, sal, emulsionante (trifosfato), dextrose, especiarias, intensificador de sabor (glutamato monossódico), antioxidante (eritorbato de sódio) e conservante (nitrito de sódio).  ",,,taxable,,1,,,0,0,,,,,1,,,  1.45 ,IZIDORO O MERCEEIRO,,,https://loja.izidoro.pt/wp-content/uploads/2021/05/301889.png,,,,,,,,,0,1,Gama,ORIGINAL,1,1,Espécie,Aves,1,1,Tipo de Produto,Salsichas,1,1,8un 200g,,"Energia (100g) 568KJ / 139KCAL\n Energia (por porção) 284KJ / 70KCAL\n Lípidos (100g) 9\n Lípidos (por porção) 4.5\n Dos quais saturados (100g) 3\n Dos quais saturados (por porção) 1.5\n Hidratos de Carbono (100g) 2.5\n Hidratos de Carbono (por porção) 1.3\n Dos quais açucares (100g) < 0,5\n Dos quais açucares (por porção) < 0,5\n \n \n Proteínas (100g) 12\n Proteínas (por porção) 6\n Sal (100g) 1.3\n Sal (por porção) 0.65",,,,,,,field_609f9c50d4bed,106,field_609faed7a882e,99,field_609faed7a882e,100,field_609faed7a882e,101,field_609faed7a882e,102,field_609faed7a882e,103,field_609faed7a882e,98,field_609faed7a882e,7,field_609faec3a882d,,,,
,simple,305848,Salsichas Soja,1,0,visible,"As Salsichas Soja trazem mais sabor a qualquer prato. Sem albumina de ovo, são vegan e têm base de soja com vegetais, aromas e especiarias. Sem corantes e sem conservantes, 100% origem vegetal, as Salsichas Soja têm alto teor em proteína e são uma solução super conveniente que pode ser incorporadas em pratos mais simples – como um pequeno-almoço de salsichas com ovos – ou em pratos mais robustos. Mais sabor para todas as refeições e para toda a família - delicia-te com a nossas Salsichas Soja Izidoro Veggie Lovers!","Ingredientes: Água, óleo de girassol, proteína isolada de SOJA, azeite, proteína de batata, cebola frita [cebola, óleo de palma, farinha de trigo (isento glúten) e sal], sal, vegetais, especiarias (contém AIPO), intensificadores de sabor (glutamato monossódico) e aroma de fumo.",,,taxable,,1,,,0,0,,,,,1,,,  2.09 ,IZIDORO VEGGIE LOVERS,,,https://loja.izidoro.pt/wp-content/uploads/2021/05/305848.png,,,,,,,,,0,1,Gama,VEGGIE,1,1,Espécie,Vegan,1,1,Tipo de Produto,Salsichas,1,1,8un 180g,,"Energia (100g) 931KJ/224KCAL\n Energia (por porção) 210KJ / 50KCAL\n Lípidos (100g) 18\n Lípidos (por porção) 4.1\n Dos quais saturados (100g) 2.4\n Dos quais saturados (por porção) 0.5\n Hidratos de Carbono (100g) 0.6\n Hidratos de Carbono (por porção) < 0,5\n Dos quais açucares (100g) < 0,5\n Dos quais açucares (por porção) < 0,5\n \n \n Proteínas (100g) 15\n Proteínas (por porção) 3.4\n Sal (100g) 2\n Sal (por porção) 0.46",,,,,,Certificação V-Label; Vegan,field_609f9c50d4bed,106,field_609faed7a882e,99,field_609faed7a882e,100,field_609faed7a882e,101,field_609faed7a882e,102,field_609faed7a882e,103,field_609faed7a882e,98,field_609faed7a882e,7,field_609faec3a882d,,,,
,simple,305849,Salsichas Cocktail Soja,1,0,visible,"As Salsichas Soja trazem mais sabor a qualquer prato. Sem albumina de ovo, são vegan e têm base de soja com vegetais, aromas e especiarias. Sem corantes e sem conservantes, 100% origem vegetal, as Salsichas Soja têm alto teor em proteína e são uma solução super conveniente que pode ser incorporadas em pratos mais simples – como um pequeno-almoço de salsichas com ovos – ou em pratos mais robustos. Mais sabor para todas as refeições e para toda a família - delicia-te com a nossas Salsichas Soja Izidoro Veggie Lovers! Para partilhar, ou ao menos tentar, sem sombra de carne.","Ingredientes: Água, óleo de girassol, proteína isolada de SOJA (12%), azeite, proteína de batata, cebola frita [cebola, óleo de palma, farinha de trigo (isento glúten) e sal], sal, vegetais, especiarias (contém AIPO), intensificadores de sabor (glutamato monossódico) e aroma de fumo.",,,taxable,,1,,,0,0,,,,,1,,,  3.49 ,IZIDORO VEGGIE LOVERS,,,https://loja.izidoro.pt/wp-content/uploads/2021/05/305849.png,,,,,,,,,0,1,Gama,VEGGIE,1,1,Espécie,Vegan,1,1,Tipo de Produto,Salsichas,1,1,180g,,"Energia (100g) 931KJ/224KCAL\n Energia (por porção) 73KJ / 18KCAL\n Lípidos (100g) 18\n Lípidos (por porção) 1.4\n Dos quais saturados (100g) 2.4\n Dos quais saturados (por porção) 0.2\n Hidratos de Carbono (100g) 0.6\n Hidratos de Carbono (por porção) < 0,5\n Dos quais açucares (100g) < 0,5\n Dos quais açucares (por porção) < 0,5\n \n \n Proteínas (100g) 15\n Proteínas (por porção) 1.2\n Sal (100g) 2\n Sal (por porção) 0.16",,,,,,Certificação V-Label; Vegan,field_609f9c50d4bed,106,field_609faed7a882e,99,field_609faed7a882e,100,field_609faed7a882e,101,field_609faed7a882e,102,field_609faed7a882e,103,field_609faed7a882e,98,field_609faed7a882e,7,field_609faec3a882d,,,,
,simple,306199,Churrasco Misto,1,0,visible,"Um churrasco para todos os gostos.
Com Salsicha Fresca, Salsicha Picante, Chouriço e Morcela, o nosso Churrasco Misto é perfeito para um petisco ao ar livre com a família e amigos, ou para confecionar pratos típicos portugueses, carregados de sabor e tradição.","Salsicha Churrasco: Carne de Suíno (83%) (Origem Portugal), água, gordura de súino, regulador de acidez (lactato de potássio), proteína de SOJA, sal, emulsionantes (trifosfatos e difosfatos), açucar, antioxidantes (eritorbato de sódio e citratos de sódio), intensificadores de sabor (glutamato monossódico), especiarias, corante (carmina) e conservantes (acetatos de sódio e nitrito de sódio). Salsicha Picante: Carne de Suíno (83%) (Origem Portugal), água, gordura de súino, regulador de acidez (lactato de potássio), proteína de SOJA, sal, emulsionantes (trifosfatos e difosfatos), açucar, antioxidantes (eritorbato de sódio e citratos de sódio), intensificador de sabor (glutamato monossódico), especiarias, extrato de paprika, piri-piri (0,3%), pimentão picante (0,2%) e conservantes (acetatos de sódio e nitrito de sódio). Chouriço: Carne de Suíno (105g de carne para preparar 100g de chouriço) (Origem Portugal), massa de pimentão (pimento e sal), sal, açucar, oleoresina de pimentão, especiarias, emulsionantes (difosfatos), antioxidante (eritorbato de sódio) e conservante (nitrito de sódio). Tripa não comestível. Morcela: Gordura de Suíno, sangue de suíno, farinha de TRIGO, figado de suíno, couratos, massa de pimentão (pimento e sal), especiarias e sal. Tripa natural de suíno.",,,taxable,,1,,,0,0,,,,,1,,,  3.49 ,IZIDORO O CHARCUTEIRO,,,https://loja.izidoro.pt/wp-content/uploads/2021/05/306199.png,,,,,,,,,0,1,Gama,ORIGINAL,1,1,Espécie,Porco,1,1,Tipo de Produto,Salsichas,1,1,400g,,,,,,,,,field_609f9c50d4bed,106,field_609faed7a882e,99,field_609faed7a882e,100,field_609faed7a882e,101,field_609faed7a882e,102,field_609faed7a882e,103,field_609faed7a882e,98,field_609faed7a882e,7,field_609faec3a882d,,,,
,simple,306836,Salsichas 100% Porco,1,0,visible,"Exageradamente boas, numa só garfada.
És fanático por salsichas? Estás à procura de uma experiência gourmet? Então as nossas Salsichas 100% Porco são mesmo para ti. Um sabor delicioso, uma textura incrível, uma receita com 100% carne de Porco para te dar a máxima qualidade que mereces. Ideais para acompanhar apenas com o teu molho de eleição, ou em pratos mais elaborados mas fáceis e rápidos de fazer, onde o sabor é rei.","Ingredientes: Carne de suíno (origem Portugal), água, proteína de SOJA, sal, dextrose, especiarias (contém AIPO), emulsionantes (difosfatos), intensificador de sabor (glutamato monossódico), antioxidante (eritorbato de sódio) e conservante (nitrito de sódio).",,,taxable,,1,,,0,0,,,,,1,,,  3.35 ,IZIDORO O MERCEEIRO,,,https://loja.izidoro.pt/wp-content/uploads/2021/05/306836.png,,,,,,,,,0,1,Gama,GOURMET,1,1,Espécie,Porco,1,1,Tipo de Produto,Salsichas,1,1,4un 235g,,"Energia (100g) 751KJ / 180KCAL\n Energia (por porção) 451KJ / 108KCAL\n Lípidos (100g) 14\n Lípidos (por porção) 8.6\n Dos quais saturados (100g) 5.3\n Dos quais saturados (por porção) 3.2\n Hidratos de Carbono (100g) 1\n Hidratos de Carbono (por porção) 0.6\n Dos quais açucares (100g) < 0,5\n Dos quais açucares (por porção) < 0,5\n \n \n Proteínas (100g) 12\n Proteínas (por porção) 7.1\n Sal (100g) 1.5\n Sal (por porção) 0.9",,,,,,,field_609f9c50d4bed,106,field_609faed7a882e,99,field_609faed7a882e,100,field_609faed7a882e,101,field_609faed7a882e,102,field_609faed7a882e,103,field_609faed7a882e,98,field_609faed7a882e,7,field_609faec3a882d,,,,
,simple,307088,Salsichas 100% Peru,1,0,visible,"Exageradamente boas, numa só garfada.
És fanático por salsichas? Estás à procura de uma experiência gourmet? Então as nossas Salsichas 100% Porco são mesmo para ti. Um sabor delicioso, uma textura incrível, uma receita com 100% carne de Peru para te dar a máxima qualidade que mereces. Ideais para acompanhar apenas com o teu molho de eleição, ou em pratos mais elaborados mas fáceis e rápidos de fazer, onde o sabor é rei.","Ingredientes: Carne de peru (54%) (origem UEl), água, proteína de SOJA, fibra vegetal, sal,  xarope de glicose, dextrose, especiarias (contém AIPO),   emulsionantes (difosfatos), intensificador de sabor (glutamato monossódico), antioxidante (eritorbato de sódio) e conservante (nitrito de sódio).",,,taxable,,1,,,0,0,,,,,1,,,  3.35 ,IZIDORO O MERCEEIRO,,,https://loja.izidoro.pt/wp-content/uploads/2021/05/307088.png,,,,,,,,,0,1,Gama,GOURMET,1,1,Espécie,Peru,1,1,Tipo de Produto,Salsichas,1,1,4un 235g,,"Energia (100g) 651KJ / 163KCAL\n Energia (por porção) 184KJ / 44KCAL\n Lípidos (100g) 11\n Lípidos (por porção) 3\n Dos quais saturados (100g) 3.8\n Dos quais saturados (por porção) 1\n Hidratos de Carbono (100g) 3\n Hidratos de Carbono (por porção) 0.8\n Dos quais açucares (100g) < 0,5\n Dos quais açucares (por porção) < 0,5\n \n \n Proteínas (100g) 13\n Proteínas (por porção) 3.5\n Sal (100g) 1.7\n Sal (por porção) 0.46",,,,,,,field_609f9c50d4bed,106,field_609faed7a882e,99,field_609faed7a882e,100,field_609faed7a882e,101,field_609faed7a882e,102,field_609faed7a882e,103,field_609faed7a882e,98,field_609faed7a882e,7,field_609faec3a882d,,,,
,simple,307217,Salsichas 100% Porco,1,0,visible,"Exageradamente boas, numa só garfada.
És fanático por salsichas? Estás à procura de uma experiência gourmet? Então as nossas Salsichas 100% Porco são mesmo para ti. Um sabor delicioso, uma textura incrível, uma receita com 100% carne de Porco para te dar a máxima qualidade que mereces. Ideais para acompanhar apenas com o teu molho de eleição, ou em pratos mais elaborados mas fáceis e rápidos de fazer, onde o sabor é rei.","Ingredientes: Carne de suíno (origem Portugal), água, proteína de SOJA, sal, dextrose, especiarias (contém AIPO), emulsionantes (difosfatos), intensificador de sabor (glutamato monossódico), antioxidante (eritorbato de sódio) e conservante (nitrito de sódio).",,,taxable,,1,,,0,0,,,,,1,,,  1.99 ,IZIDORO O MERCEEIRO,,,https://loja.izidoro.pt/wp-content/uploads/2021/05/307217.png,,,,,,,,,0,1,Gama,ORIGINAL,1,1,Espécie,Porco,1,1,Tipo de Produto,Salsichas,1,1,6un 160g,,"Energia (100g) 813KJ/196KCAL\n Energia (por porção) 220KJ/53KCAL\n Lípidos (100g) 16\n Lípidos (por porção) 4.4\n Dos quais saturados (100g) 6.4\n Dos quais saturados (por porção) 1.7\n Hidratos de Carbono (100g) 0.8\n Hidratos de Carbono (por porção) < 0,5\n Dos quais açucares (100g) < 0,5\n Dos quais açucares (por porção) < 0,5\n \n \n Proteínas (100g) 12\n Proteínas (por porção) 3.2\n Sal (100g) 1.8\n Sal (por porção) 0.49",,,,,,,field_609f9c50d4bed,106,field_609faed7a882e,99,field_609faed7a882e,100,field_609faed7a882e,101,field_609faed7a882e,102,field_609faed7a882e,103,field_609faed7a882e,98,field_609faed7a882e,7,field_609faec3a882d,,,,
,simple,307218,Salsichas 100% Peru,1,0,visible,"Exageradamente boas, numa só garfada.
És fanático por salsichas? Estás à procura de uma experiência gourmet? Então as nossas Salsichas 100% Porco são mesmo para ti. Um sabor delicioso, uma textura incrível, uma receita com 100% carne de Peru para te dar a máxima qualidade que mereces. Ideais para acompanhar apenas com o teu molho de eleição, ou em pratos mais elaborados mas fáceis e rápidos de fazer, onde o sabor é rei.","Ingredientes: Carne de peru (54%) (origem UEl), água, proteína de SOJA, fibra vegetal, sal,  xarope de glicose, dextrose, especiarias (contém AIPO),   emulsionantes (difosfatos), intensificador de sabor (glutamato monossódico), antioxidante (eritorbato de sódio) e conservante (nitrito de sódio).",,,taxable,,1,,,0,0,,,,,1,,,  1.99 ,IZIDORO O MERCEEIRO,,,https://loja.izidoro.pt/wp-content/uploads/2021/05/307218.png,,,,,,,,,0,1,Gama,ORIGINAL,1,1,Espécie,Peru,1,1,Tipo de Produto,Salsichas,1,1,6un 160g,,"Energia (100g) 681KJ/163KCAL\n Energia (por porção) 184KJ/44KCAL\n Lípidos (100g) 11\n Lípidos (por porção) 3\n Dos quais saturados (100g) 3.8\n Dos quais saturados (por porção) 1\n Hidratos de Carbono (100g) 3\n Hidratos de Carbono (por porção) 0.8\n Dos quais açucares (100g) < 0,5\n Dos quais açucares (por porção) < 0,5\n \n \n Proteínas (100g) 13\n Proteínas (por porção) 3.5\n Sal (100g) 1.7\n Sal (por porção) 0.5",,,,,,,field_609f9c50d4bed,106,field_609faed7a882e,99,field_609faed7a882e,100,field_609faed7a882e,101,field_609faed7a882e,102,field_609faed7a882e,103,field_609faed7a882e,98,field_609faed7a882e,7,field_609faec3a882d,,,,
,simple,307767,Fiambre Perna Extra,1,0,visible,"Promovemos o Sabor, reduzimos na gordura.
Fresco e delicioso, o nosso Fiambre Perna Extra é a escolha certa para quem procura o sabor tradicional e suculento do fiambre. Em deliciosas fatias finas, baixo em gorduras saturadas, é uma excelente opção para acompanhar o teu pequeno-almoço ou para petiscar nas pausas da manhã e da tarde. De carne 100% portuguesa, no pão ou em rolinho: a escolha é tua, a garantia de sabor é nossa.","Ingredientes: Perna de suíno (Origem: Portugal), água, reguladore de acidez (lactato de potássio), dextrose, sal, emulsionantes (trifosfatos, difosfatos e polifosfatos), gelificantes (carragenina e goma de alfarroba), antioxidante (ascorbato de sódio), aromas (contém produtos à base de SOJA), intensificadores de sabor (glutamato monossódico, guanilato dissódico e inosinato dissódico) e conservantes (acetatos de sódio e nitrito de sódio).",,,taxable,,1,,,0,0,,,,,1,,,  2.59 ,IZIDORO O CHARCUTEIRO,,,https://loja.izidoro.pt/wp-content/uploads/2021/05/307767.png,,,,,,,,,0,1,Gama,ORIGINAL,1,1,Espécie,Porco,1,1,Tipo de Produto,Fiambre,1,1,120g,,"Energia (100g) 393KJ / 94KCAL\n Energia (por porção) 59KJ / 14KCAL\n Lípidos (100g) 2.4\n Lípidos (por porção) < 0,5\n Dos quais saturados (100g) 1\n Dos quais saturados (por porção) 0.2\n Hidratos de Carbono (100g) 0.6\n Hidratos de Carbono (por porção) 0.5\n Dos quais açucares (100g) 0.6\n Dos quais açucares (por porção) < 0,5\n \n \n Proteínas (100g) 18\n Proteínas (por porção) 2.6\n Sal (100g) 2.5\n Sal (por porção) 0.38",,,,,,Gordura inferior a 3%,field_609f9c50d4bed,106,field_609faed7a882e,99,field_609faed7a882e,100,field_609faed7a882e,101,field_609faed7a882e,102,field_609faed7a882e,103,field_609faed7a882e,98,field_609faed7a882e,7,field_609faec3a882d,,,,
,simple,308239,Salsichas Aves Hot Dog,1,0,visible,"Um HotDog de grande calibre.
A escolha com o calibre certo para o melhor cachorro quente. Aquece a salsicha, prepara o pão e escolhe os teus acompanhamentos e molhos favoritos para um snack ou uma refeição ligeira, rápida e carregada de sabor.","INGREDIENTES: Carne separada mecanicamente de aves (origem UE) , água, carne de aves,  proteína de SOJA, amido, sal, emulsionante (trifosfato), dextrose, especiarias, intensificador de sabor (glutamato monossódico), antioxidante (eritorbato de sódio) e conservante (nitrito de sódio).  ",,,taxable,,1,,,0,0,,,,,1,,,  2.65 ,IZIDORO O MERCEEIRO,,,https://loja.izidoro.pt/wp-content/uploads/2021/05/308239.png,,,,,,,,,0,1,Gama,ORIGINAL,1,1,Espécie,Aves,1,1,Tipo de Produto,Salsichas,1,1,4un 235g,,"Energia (100g) 568KJ / 139KCAL\n Energia (por porção) 329KJ / 81KCAL\n Lípidos (100g) 9\n Lípidos (por porção) 5.2\n Dos quais saturados (100g) 3\n Dos quais saturados (por porção) 1.7\n Hidratos de Carbono (100g) 2.5\n Hidratos de Carbono (por porção) 1.5\n Dos quais açucares (100g) < 0,5\n Dos quais açucares (por porção) < 0,5\n \n \n Proteínas (100g) 12\n Proteínas (por porção) 7\n Sal (100g) 1.3\n Sal (por porção) 0.75",,,,,,,field_609f9c50d4bed,106,field_609faed7a882e,99,field_609faed7a882e,100,field_609faed7a882e,101,field_609faed7a882e,102,field_609faed7a882e,103,field_609faed7a882e,98,field_609faed7a882e,7,field_609faec3a882d,,,,
,simple,308292,Salsichas Cocktail Aves,1,0,visible,"Para partilhar ou ao menos tentar.
As nossas Salsichas Cocktail são ideais para petiscar, fazer um snack a meio do dia, ou para quando queres impressionar os amigos e a família com uma entrada ou um apertivo 5 estrelas. Inspira-te nas nossas receitas para fazeres um brilharete de forma rápida, fácil e com todo o sabor. E há miúdos por perto? Esta versão ""mini"" também é excelente como opção para os mais pequenos!","INGREDIENTES: Carne separada mecanicamente de aves (origem UE) , água, carne de aves,  proteína de SOJA, amido, sal, emulsionante (trifosfato), dextrose, especiarias, intensificador de sabor (glutamato monossódico), antioxidante (eritorbato de sódio) e conservante (nitrito de sódio).  ",,,taxable,,1,,,0,0,,,,,1,,,  1.99 ,IZIDORO O MERCEEIRO,,,https://loja.izidoro.pt/wp-content/uploads/2021/05/308292.png,,,,,,,,,0,1,Gama,ORIGINAL,1,1,Espécie,Aves,1,1,Tipo de Produto,Salsichas,1,1,170g,,"Energia (100g) 568KJ/139KCAL\n Energia (por porção) 45KJ / 11KCAL\n Lípidos (100g) 9\n Lípidos (por porção) 0.7\n Dos quais saturados (100g) 3\n Dos quais saturados (por porção) 0.2\n Hidratos de Carbono (100g) 2.5\n Hidratos de Carbono (por porção) < 0,5\n Dos quais açucares (100g) < 0,5\n Dos quais açucares (por porção) < 0,5\n \n \n Proteínas (100g) 12\n Proteínas (por porção) 1\n Sal (100g) 1.3\n Sal (por porção) 0.1",,,,,,,field_609f9c50d4bed,106,field_609faed7a882e,99,field_609faed7a882e,100,field_609faed7a882e,101,field_609faed7a882e,102,field_609faed7a882e,103,field_609faed7a882e,98,field_609faed7a882e,7,field_609faec3a882d,,,,
,simple,309401,Salsichas Aves Teor Sal Reduzido,1,0,visible,"O sal foi despromovido, o sabor passou a chef.
As nossas Salsichas Teor de Sal Reduzido são perfeito para quem procura diminuir a ingestão de sal no seu dia-a-dia, sem comprometer o sabor. Melhor para a tua saúde e ideal para um snack mais saudável a meio do dia ou para confecionar refeições rápidas e mais equilibradas.","INGREDIENTES: Carne separada mecanicamente de aves (peru e frango) [56%] (origem UE), água, proteína de SOJA, fibra vegetal, sal, dextrose, especiarias (contem AIPO), emulsionante (trifosfatos, difosfatos e polifosfatos), intensificadores de sabor (glutamato monossódico), antioxidantes (eritorbato de sódio) e conservantes (nitrito de sódio).",,,taxable,,1,,,0,0,,,,,1,,,  2.65 ,IZIDORO O MERCEEIRO,,,https://loja.izidoro.pt/wp-content/uploads/2021/05/309401.png,,,,,,,,,0,1,Gama,BEM-ESTAR,1,1,Espécie,Aves,1,1,Tipo de Produto,Salsichas,1,1,5un 220g,,"Energia (100g) 582KJ /140KCAL\n Energia (por porção) 262KJ / 63KCAL\n Lípidos (100g) 8.8\n Lípidos (por porção) 4\n Dos quais saturados (100g) 3\n Dos quais saturados (por porção) 1.4\n Hidratos de Carbono (100g) 2.1\n Hidratos de Carbono (por porção) 0.9\n Dos quais açucares (100g) < 0,5\n Dos quais açucares (por porção) < 0,5\n \n \n Proteínas (100g) 13\n Proteínas (por porção) 5.9\n Sal (100g) 0.8\n Sal (por porção) 0.37",,,,,,"Apenas 0,8% de Sal",field_609f9c50d4bed,106,field_609faed7a882e,99,field_609faed7a882e,100,field_609faed7a882e,101,field_609faed7a882e,102,field_609faed7a882e,103,field_609faed7a882e,98,field_609faed7a882e,7,field_609faec3a882d,,,,
,simple,309402,Salsichas Porco Teor Sal Reduzido,1,0,visible,"O sal foi despromovido, o sabor passou a chef.
As nossas Salsichas Teor de Sal Reduzido são perfeito para quem procura diminuir a ingestão de sal no seu dia-a-dia, sem comprometer o sabor. Melhor para a tua saúde e ideal para um snack mais saudável a meio do dia ou para confecionar refeições rápidas e mais equilibradas.","Ingredientes: Carne de suíno (Origem Portugal), água, carne separada mecanicamente de peru e frango, proteína de SOJA, fibra vegetal, sal, dextrose, especiarias (contém AIPO), emulsionantes (trifosfatos, difosfatos e polifosfatos), intensificadores de sabor (glutamato monossódico), antioxidante (eritorbato de sódio) e conservante (nitrito de sódio).",,,taxable,,1,,,0,0,,,,,1,,,  2.65 ,IZIDORO O MERCEEIRO,,,https://loja.izidoro.pt/wp-content/uploads/2021/05/309402.png,,,,,,,,,0,1,Gama,BEM-ESTAR,1,1,Espécie,Porco e Aves,1,1,Tipo de Produto,Salsichas,1,1,5un 220g,,"Energia (100g) 719KJ /173KCAL\n Energia (por porção) 324KJ / 78KCAL\n Lípidos (100g) 13\n Lípidos (por porção) 5.9\n Dos quais saturados (100g) 4.5\n Dos quais saturados (por porção) 2\n Hidratos de Carbono (100g) 1\n Hidratos de Carbono (por porção) < 0,5\n Dos quais açucares (100g) < 0,5\n Dos quais açucares (por porção) < 0,5\n \n \n Proteínas (100g) 13\n Proteínas (por porção) 5.9\n Sal (100g) 0.9\n Sal (por porção) 0.41",,,,,,"Apenas 0,9% de Sal",field_609f9c50d4bed,106,field_609faed7a882e,99,field_609faed7a882e,100,field_609faed7a882e,101,field_609faed7a882e,102,field_609faed7a882e,103,field_609faed7a882e,98,field_609faed7a882e,7,field_609faec3a882d,,,,
,simple,309515,Fiambre Peito de Peru Teor de Sal Reduzido,1,0,visible,"Despromovemos o sal, levamos o assunto muito a peito.
O nosso Fiambre Peito de Peru Teor de Sal Reduzido é perfeito para quem procura diminuir a ingestão de sal no seu dia-a-dia, sem comprometer o sabor. Melhor para a tua saúde e para o teu bem-estar, é ideal para um snack rápido, fresco, saudável e equiibrado a qualquer hora do dia.","Ingredientes: Peito de peru (Origem: UE), água, amido, reguladores de acidez (lactado de potássio e lactado de sódio), dextrose, proteína de SOJA, sal, gelificantes (carragenina e goma de alfarroba), emulsionantes (trifosfatos, difosfatos e polifosfatos), cloreto de potássio, fibra vegetal, aromas, especíarias, antioxidante (eritorbato de sódio) e conservantes (acetatos de sódio e nitrito de sódio).",,,taxable,,1,,,0,0,,,,,1,,,  2.59 ,IZIDORO O CHARCUTEIRO,,,https://loja.izidoro.pt/wp-content/uploads/2021/05/309515.png,,,,,,,,,0,1,Gama,BEM-ESTAR,1,1,Espécie,Peru,1,1,Tipo de Produto,Fiambre,1,1,110g,,"Energia (100g) 369KJ / 87KCAL\n Energia (por porção) 44KJ / 10KCAL\n Lípidos (100g) 1\n Lípidos (por porção) < 0,5\n Dos quais saturados (100g) 0.3\n Dos quais saturados (por porção) < 0,1\n Hidratos de Carbono (100g) 4.4\n Hidratos de Carbono (por porção) 0.5\n Dos quais açucares (100g) < 0,5\n Dos quais açucares (por porção) < 0,5\n \n \n Proteínas (100g) 15\n Proteínas (por porção) 1.8\n Sal (100g) 1.5\n Sal (por porção) 0.18",,,,,,,field_609f9c50d4bed,106,field_609faed7a882e,99,field_609faed7a882e,100,field_609faed7a882e,101,field_609faed7a882e,102,field_609faed7a882e,103,field_609faed7a882e,98,field_609faed7a882e,7,field_609faec3a882d,,,,
,simple,309539,Fiambre Peito de Frango Teor de Sal Reduzido,1,0,visible,"Despromovemos o sal, levamos o assunto muito a peito.
O nosso Fiambre Peito de Frango Teor de Sal Reduzido é perfeito para quem procura diminuir a ingestão de sal no seu dia-a-dia, sem comprometer o sabor. Melhor para a tua saúde e para o teu bem-estar, é ideal para um snack rápido, saudável e equiibrado a qualquer hora do dia.","Ingredientes: Peito de frango (Origem:UE), água, amido, reguladores de acidez (lactado de potássio e lactado de sódio), dextrose, sal, emulsionantes (trifosfatos), cloreto de potássio, gelificantes (carragenia e goma de alfarroba), aromas, fibra vegetal, antioxidante (eritorbato de sódio) e conservantes (acetatos de sódio e nitrito de sódio).",,,taxable,,1,,,0,0,,,,,1,,,  2.59 ,IZIDORO O CHARCUTEIRO,,,https://loja.izidoro.pt/wp-content/uploads/2021/05/309539.png,,,,,,,,,0,1,Gama,BEM-ESTAR,1,1,Espécie,Frango,1,1,Tipo de Produto,Fiambre,1,1,110g,,"Energia (100g) 472KJ / 112KCAL\n Energia (por porção) 57KJ / 13KCAL\n Lípidos (100g) 1.5\n Lípidos (por porção) < 0,5\n Dos quais saturados (100g) 0.6\n Dos quais saturados (por porção) 0.1\n Hidratos de Carbono (100g) 5.5\n Hidratos de Carbono (por porção) 0.7\n Dos quais açucares (100g) 1.6\n Dos quais açucares (por porção) < 0,5\n \n \n Proteínas (100g) 19\n Proteínas (por porção) 2.3\n Sal (100g) 1.5\n Sal (por porção) 0.18",,,,,,,field_609f9c50d4bed,106,field_609faed7a882e,99,field_609faed7a882e,100,field_609faed7a882e,101,field_609faed7a882e,102,field_609faed7a882e,103,field_609faed7a882e,98,field_609faed7a882e,7,field_609faec3a882d,,,,
,simple,309585,Fiambre Perna Extra Teor de Sal Reduzido,1,0,visible,"Já era extra, com menos sal fica mais saudável.
O nosso Fiambre Perna Extra Teor de Sal Reduzido, de carne 100% portuguesa, é perfeito para quem procura diminuir a ingestão de sal no seu dia-a-dia, sem comprometer o sabor. Melhor para a tua saúde e para o teu bem-estar, é ideal para um snack rápido, fresco, saudável e equiibrado a qualquer hora do dia.","Ingredientes: Perna de suíno (80%) (Origem: Portugal), água, regulador de acidez (lactado de potássio), dextrose, sal, gelificantes (carragenina e goma de alfarroba), emulsionantes (trifosfatos), cloreto de potássio, aromas (contém produtos à base de SOJA), intensificadores de sabor (glutamato monossódico, guanilato dissódico e inosianato dissódico), antioxidante (ascorbato de sódio) e conservantes (acetatos de sódio e nitrito de sódio).",,,taxable,,1,,,0,0,,,,,1,,,  2.59 ,IZIDORO O CHARCUTEIRO,,,https://loja.izidoro.pt/wp-content/uploads/2021/05/309585.png,,,,,,,,,0,1,Gama,BEM-ESTAR,1,1,Espécie,Porco,1,1,Tipo de Produto,Fiambre,1,1,110g,,"Energia (100g) 413KJ / 98KCAL\n Energia (por porção) 50KJ / 12KCAL\n Lípidos (100g) 2.7\n Lípidos (por porção) < 0,5\n Dos quais saturados (100g) 1\n Dos quais saturados (por porção) 0.1\n Hidratos de Carbono (100g) 0.7\n Hidratos de Carbono (por porção) < 0,5\n Dos quais açucares (100g) < 0,5\n Dos quais açucares (por porção) < 0,5\n \n \n Proteínas (100g) 18\n Proteínas (por porção) 2.1\n Sal (100g) 1.7\n Sal (por porção) 0.2",,,,,,Menos 25% de Sal em comparação com a receita original,field_609f9c50d4bed,106,field_609faed7a882e,99,field_609faed7a882e,100,field_609faed7a882e,101,field_609faed7a882e,102,field_609faed7a882e,103,field_609faed7a882e,98,field_609faed7a882e,7,field_609faec3a882d,,,,
,simple,309932,Fiambre Peito de Peru KCAL,1,0,visible,"Sabor divinal, sem peso na consciência.
A nossa gama KCAL ajuda-te a atingir os teus objetivos, permitindo uma contabilização de calorias rápida e livre de stress. O Fiambre Peito de Peru KCAL tem apenas 8 calorias por fatia e garante nota máxima no sabor, sem sentimento de culpa associado. Uma versão menos calórica mas repleta de frescura e sabor para acompanhar um pequeno-almoço ou snack mais saudável e equilibrado. Promove o teu bem-estar!","Ingredientes: Peito de peru (62%) (Origem: UE), água, reguladores de acidez (lactato de potássio e lactato de sódio), dextrose, proteína de SOJA, fibra vegetal, sal, emulsionantes (trifosfatos, difosfatos e polifosfatos), cloreto de potássio, gelificantes (carragenina e goma de alfarroba), aroma  (contém SOJA), aroma de fumo, especiarias, antioxidante (eritorbato de sódio) e conservantes (acetatos de sódio e nitrito de sódio).",,,taxable,,1,,,0,0,,,,,1,,,  2.59 ,IZIDORO O CHARCUTEIRO,,,https://loja.izidoro.pt/wp-content/uploads/2021/05/309932.png,,,,,,,,,0,1,Gama,BEM-ESTAR,1,1,Espécie,Peru,1,1,Tipo de Produto,Fiambre,1,1,110g,,"Energia (100g) 390KJ / 92KCAL\n Energia (por porção) 35KJ / 8KCAL\n Lípidos (100g) 0.8\n Lípidos (por porção) < 0,5\n Dos quais saturados (100g) 0.3\n Dos quais saturados (por porção) < 0,1\n Hidratos de Carbono (100g) 5.2\n Hidratos de Carbono (por porção) 0.5\n Dos quais açucares (100g) < 0,5\n Dos quais açucares (por porção) < 0,5\n \n \n Proteínas (100g) 16\n Proteínas (por porção) 1.4\n Sal (100g) 1.7\n Sal (por porção) 0.15",,,,,,Apenas 8 calorias por fatia,field_609f9c50d4bed,106,field_609faed7a882e,99,field_609faed7a882e,100,field_609faed7a882e,101,field_609faed7a882e,102,field_609faed7a882e,103,field_609faed7a882e,98,field_609faed7a882e,7,field_609faec3a882d,,,,
,simple,309933,Fiambre Perna Extra KCAL,1,0,visible,"Sabor divinal, sem peso na consciência.
A nossa gama KCAL ajuda-te a atingir os teus objetivos, permitindo uma contabilização de calorias rápida e livre de stress. O Fiambre Perna Extra KCAL, de carne 100% portuguesa, tem apenas 8 calorias por fatia e garante nota máxima no sabor, sem sentimento de culpa associado. Uma versão menos calórica mas repleta de frescura e sabor para acompanhar um pequeno-almoço ou snack mais saudável e equilibrado. Promove o teu bem-estar!","Ingredientes: Perna de suíno (Origem: Portugal), água, regulador de acidez (lactato de potássio), sal, fibra vegetal, dextrose, emulsionantes (trifosfatos, difosfatos e polifosfatos), gelificantes (carragenina e goma de alfarroba), antioxidante (ascorbato de sódio), aromas (contém SOJA), intensificadores de sabor (glutamato monossódico, guanilato dissódico e inosinato dissódico) e conservantes (acetatos de sódio e nitrito de sódio).",,,taxable,,1,,,0,0,,,,,1,,,  2.59 ,IZIDORO O CHARCUTEIRO,,,https://loja.izidoro.pt/wp-content/uploads/2021/05/309933.png,,,,,,,,,0,1,Gama,BEM-ESTAR,1,1,Espécie,Porco,1,1,Tipo de Produto,Fiambre,1,1,110g,,"Energia (100g) 391KJ / 93KCAL\n Energia (por porção) 35KJ / 8KCAL\n Lípidos (100g) 2.2\n Lípidos (por porção) < 0,5\n Dos quais saturados (100g) 0.9\n Dos quais saturados (por porção) 0.1\n Hidratos de Carbono (100g) 1.2\n Hidratos de Carbono (por porção) < 0,5\n Dos quais açucares (100g) 0.6\n Dos quais açucares (por porção) < 0,5\n \n \n Proteínas (100g) 17\n Proteínas (por porção) 1.5\n Sal (100g) 2.1\n Sal (por porção) 0.19",,,,,,Apenas 8 calorias por fatia,field_609f9c50d4bed,106,field_609faed7a882e,99,field_609faed7a882e,100,field_609faed7a882e,101,field_609faed7a882e,102,field_609faed7a882e,103,field_609faed7a882e,98,field_609faed7a882e,7,field_609faec3a882d,,,,
,simple,309936,Salsichas 100% Porco KCAL,1,0,visible,"Todo o sabor, sem peso na consciência.
A nossa gama KCAL ajuda-te a atingir os teus objetivos, permitindo uma contabilização de calorias rápida e livre de stress. Cada Salsicha KCAL é feita com 100% carne de Porco e tem apenas 30 calorias. Uma versão menos calórica com nota máxima no sabor, sem sentimento de culpa associado. Repleta de frescura e sabor para acompanhar um pequeno-almoço, snack ou refeição mais saudável e equilibrado. Promove o teu bem-estar!","Ingredientes: Carne de suíno (51%) (origem Portugal), água, fibra vegetal, sal, proteína de SOJA, gelificantes (goma de tara, goma xantana, algas Eucheuma tranformadas e cloreto de potássio), especiarias (contém AIPO), emulsionantes (difosfatos), intensificador de sabor (glutamato monossódico), antioxidante (ascorbato de sódio) e conservante (nitrito de sódio).",,,taxable,,1,,,0,0,,,,,1,,,  2.65 ,IZIDORO O MERCEEIRO,,,https://loja.izidoro.pt/wp-content/uploads/2021/05/309936.png,,,,,,,,,0,1,Gama,BEM-ESTAR,1,1,Espécie,Porco,1,1,Tipo de Produto,Salsichas,1,1,5un 160g,,"Energia (100g) 392KJ/94KCAL\n Energia (por porção) 125KJ / 30KCAL\n Lípidos (100g) 4.8\n Lípidos (por porção) 1.5\n Dos quais saturados (100g) 1.9\n Dos quais saturados (por porção) 0.6\n Hidratos de Carbono (100g) 2.6\n Hidratos de Carbono (por porção) 0.8\n Dos quais açucares (100g) 0.5\n Dos quais açucares (por porção) < 0,5\n \n \n Proteínas (100g) 10\n Proteínas (por porção) 3.2\n Sal (100g) 1.3\n Sal (por porção) 0.42",,,,,,Apenas 30 calorias por salsicha; 100% Porco,field_609f9c50d4bed,106,field_609faed7a882e,99,field_609faed7a882e,100,field_609faed7a882e,101,field_609faed7a882e,102,field_609faed7a882e,103,field_609faed7a882e,98,field_609faed7a882e,7,field_609faec3a882d,,,,
,simple,309937,Salsichas 100% Peru KCAL,1,0,visible,"Todo o sabor, sem peso na consciência.
A nossa gama KCAL ajuda-te a atingir os teus objetivos, permitindo uma contabilização de calorias rápida e livre de stress. Cada Salsicha KCAL é feita com 100% carne de Peru e tem apenas 22 calorias. Uma versão menos calórica com nota máxima no sabor, sem sentimento de culpa associado. Repleta de frescura e sabor para acompanhar um pequeno-almoço, snack ou refeição mais saudável e equilibrado. Promove o teu bem-estar!","Ingredientes: Carne de peru (53%) (origem UE), água, fibra vegetal, sal, proteína de SOJA, gelificantes (goma de tara, goma xantana, algas Eucheuma tranformadas e cloreto de potássio), especiarias (contém AIPO), emulsionantes (difosfatos), intensificador de sabor (glutamato monossódico), antioxidante (ascorbato de sódio) e conservante (nitrito de sódio).",,,taxable,,1,,,0,0,,,,,1,,,  2.65 ,IZIDORO O MERCEEIRO,,,https://loja.izidoro.pt/wp-content/uploads/2021/05/309937.png,,,,,,,,,0,1,Gama,BEM-ESTAR,1,1,Espécie,Peru,1,1,Tipo de Produto,Salsichas,1,1,5un 160g,,"Energia (100g) 296KJ /70KCAL\n Energia (por porção) 95KJ / 22KCAL\n Lípidos (100g) 1.2\n Lípidos (por porção) < 0,5\n Dos quais saturados (100g) 0.4\n Dos quais saturados (por porção) < 0,1\n Hidratos de Carbono (100g) 1.8\n Hidratos de Carbono (por porção) 0.6\n Dos quais açucares (100g) 0.7\n Dos quais açucares (por porção) < 0,5\n \n \n Proteínas (100g) 13\n Proteínas (por porção) 4.2\n Sal (100g) 1.8\n Sal (por porção) 0.58",,,,,,Apenas 22 calorias por salsicha; 100% Peru,field_609f9c50d4bed,106,field_609faed7a882e,99,field_609faed7a882e,100,field_609faed7a882e,101,field_609faed7a882e,102,field_609faed7a882e,103,field_609faed7a882e,98,field_609faed7a882e,7,field_609faec3a882d,,,,
,simple,309938,Salsichas 100% Porco +Proteína,1,0,visible,"Para uma ajudinha extra no ginásio.
A nossa gama + PROTEÍNA ajuda-te a atingir os teus objetivos nutricionais e dá-te uma mãozinha extra para garantir aquele défice de proteína quando contabilizas as macros ao final do dia . Com 100% carne de Porco, são as salsichas ideais para um snack ou lanche rápido, ou para comer à refeição com os teus acompanhamentos favoritos, em massas, wraps, com ovos ou numa salada.","Ingredientes: Carne de suíno (54%) (origem Portugal), água, fibra vegetal, sal, proteína de SOJA, gelificantes (goma de tara, goma xantana, algas Eucheuma tranformadas e cloreto de potássio), especiarias (contém AIPO), emulsionantes (difosfatos), intensificadores de sabor (glutamato monossódico), antioxidantes (eritorbato de sódio) e conservantes (nitrito de sódio).",,,taxable,,1,,,0,0,,,,,1,,,  2.65 ,IZIDORO O MERCEEIRO,,,https://loja.izidoro.pt/wp-content/uploads/2021/05/309938.png,,,,,,,,,0,1,Gama,GOURMET,1,1,Espécie,Porco,1,1,Tipo de Produto,Salsichas,1,1,5un 160g,,"Energia (100g) 401KJ/96KCAL\n Energia (por porção) 128KJ/31KCAL\n Lípidos (100g) 4.9\n Lípidos (por porção) 1.6\n Dos quais saturados (100g) 2\n Dos quais saturados (por porção) 0.6\n Hidratos de Carbono (100g) 1.9\n Hidratos de Carbono (por porção) 0.6\n Dos quais açucares (100g) 0.8\n Dos quais açucares (por porção) < 0,5\n \n \n Proteínas (100g) 11\n Proteínas (por porção) 3.5\n Sal (100g) 1.5\n Sal (por porção) 0.48",,,,,,,field_609f9c50d4bed,106,field_609faed7a882e,99,field_609faed7a882e,100,field_609faed7a882e,101,field_609faed7a882e,102,field_609faed7a882e,103,field_609faed7a882e,98,field_609faed7a882e,7,field_609faec3a882d,,,,
,simple,309939,Salsichas 100% Peru +Proteína,1,0,visible,"Para uma ajudinha extra no ginásio.
A nossa gama + PROTEÍNA ajuda-te a atingir os teus objetivos nutricionais e dá-te uma mãozinha extra para garantir aquele défice de proteína quando contabilizas as macros ao final do dia . Com 100% carne de Peru, são as salsichas ideais para um snack ou lanche rápido, ou para comer à refeição com os teus acompanhamentos favoritos, em massas, wraps, com ovos ou numa salada.","Ingredientes: Carne de peru (54%) (origem UE), água, fibra vegetal, sal, proteína de SOJA, gelificantes (goma de tara, goma xantana, algas Eucheuma tranformadas e cloreto de potássio), especiarias (contém AIPO), emulsionantes (difosfatos), intensificador de sabor (glutamato monossódico), antioxidante (eritorbato de sódio) e conservante (nitrito de sódio).",,,taxable,,1,,,0,0,,,,,1,,,  2.65 ,IZIDORO O MERCEEIRO,,,https://loja.izidoro.pt/wp-content/uploads/2021/05/309939.png,,,,,,,,,0,1,Gama,GOURMET,1,1,Espécie,Peru,1,1,Tipo de Produto,Salsichas,1,1,5un 160g,,"Energia (100g) 284KJ/67KCAL\n Energia (por porção) 91KJ / 21KCAL\n Lípidos (100g) 0.6\n Lípidos (por porção) < 0,5\n Dos quais saturados (100g) 0.3\n Dos quais saturados (por porção) < 0,1\n Hidratos de Carbono (100g) 2.4\n Hidratos de Carbono (por porção) 0.8\n Dos quais açucares (100g) 0.6\n Dos quais açucares (por porção) < 0,5\n \n \n Proteínas (100g) 13\n Proteínas (por porção) 4.2\n Sal (100g) 1.8\n Sal (por porção) 0.58",,,,,,,field_609f9c50d4bed,106,field_609faed7a882e,99,field_609faed7a882e,100,field_609faed7a882e,101,field_609faed7a882e,102,field_609faed7a882e,103,field_609faed7a882e,98,field_609faed7a882e,7,field_609faec3a882d,,,,
,simple,310096,Salsichas Vegan,1,0,visible,"As Salsichas Vegan têm uma base de cenoura, salsa, cebola e alho. Uma opção conveniente e rápida de preparar, com alto teor em proteína, baixo teor de gorduras saturadas e são carregadas de sabor. São perfeitas para preparar uma versão vegana de qualquer prato típico português.
As Salsichas Vegan receberam a certificação V-Label de produto vegan em 2020, atribuída pela União Vegetariana Europeia (EVU), e são as primeiras salsichas com esta certificação desenvolvidas e produzidas por uma marca 100% portuguesa. Experimenta já as nossas Salsichas Vegan Izidoro Veggie Lovers!","Ingredientes: Água, óleo de girassol, proteína isolada de SOJA, azeite, proteína de batata, cebola frita [cebola, óleo de palma, farinha de trigo (isento glúten) e sal], sal, cenoura, especiarias (contém AIPO), dextrose e intensificadores de sabor (glutamato monossódico), alho, salsa e aroma de fumo.",,,taxable,,1,,,0,0,,,,,1,,,  3.95 ,IZIDORO VEGGIE LOVERS,,,https://loja.izidoro.pt/wp-content/uploads/2021/05/310096.png,,,,,,,,,0,1,Gama,VEGGIE,1,1,Espécie,Vegan,1,1,Tipo de Produto,Salsichas,1,1,5un 220g,,"Energia (100g) 931KJ/224KCAL\n Energia (por porção) 410KJ / 99KCAL\n Lípidos (100g) 18\n Lípidos (por porção) 7.9\n Dos quais saturados (100g) 2.4\n Dos quais saturados (por porção) 1.1\n Hidratos de Carbono (100g) 0.6\n Hidratos de Carbono (por porção) < 0,5\n Dos quais açucares (100g) < 0,5\n Dos quais açucares (por porção) < 0,5\n \n \n Proteínas (100g) 15\n Proteínas (por porção) 6.6\n Sal (100g) 2\n Sal (por porção) 0.88",,,,,,Certificação V-Label; Vegan,field_609f9c50d4bed,106,field_609faed7a882e,99,field_609faed7a882e,100,field_609faed7a882e,101,field_609faed7a882e,102,field_609faed7a882e,103,field_609faed7a882e,98,field_609faed7a882e,7,field_609faec3a882d,,,,
,simple,310142,Salsichas Brunch,1,0,visible,"Para um pequeno almoço de 5 estrelas.
Já não precisas de sair de casa para disfrutar do melhor brunch da moda! As nossas Salsichas Brunch foram especialmente pensadas para serem a estrela do teu brunch e do teu pequeno-almoço. Ideais para acompanhar com ovos, à portuguesa ou à americana, com todo o sabor a que tens direito para começar o teu dia da melhor forma.","Ingredientes: Carne de suíno (Origem Portugal), carne separada mecanicamente de aves e suíno, água, amido, couratos, sal, proteína de SOJA, fibra vegetal, dextrose, gordura de suíno e aves, emulsionantes (trifosfatos), especiarias, antioxidante (eritorbato de sódio) e conservante (nitrito de sódio).",,,taxable,,1,,,0,0,,,,,1,,,  1.99 ,IZIDORO O MERCEEIRO,,,https://loja.izidoro.pt/wp-content/uploads/2021/05/310142.png,,,,,,,,,0,1,Gama,ORIGINAL,1,1,Espécie,Porco e Aves,1,1,Tipo de Produto,Salsichas,1,1,8un 150g,,"Energia (100g) 554KJ/133KCAL\n Energia (por porção) 105KJ / 25KCAL\n Lípidos (100g) 8.9\n Lípidos (por porção) 1.7\n Dos quais saturados (100g) 3.3\n Dos quais saturados (por porção) 0.6\n Hidratos de Carbono (100g) 4.7\n Hidratos de Carbono (por porção) 0.9\n Dos quais açucares (100g) < 0,5\n Dos quais açucares (por porção) < 0,5\n \n \n Proteínas (100g) 8.5\n Proteínas (por porção) 1.6\n Sal (100g) 1.6\n Sal (por porção) 0.3",,,,,,,field_609f9c50d4bed,106,field_609faed7a882e,99,field_609faed7a882e,100,field_609faed7a882e,101,field_609faed7a882e,102,field_609faed7a882e,103,field_609faed7a882e,98,field_609faed7a882e,7,field_609faec3a882d,,,,
,simple,310196,Fiambre Peito de Peru Forno a Lenha,1,0,visible,"A tradição do fumeiro, o sabor por inteiro.
O nosso Fiambre Peito de Peru em Forno a Lenha é produzido com fumo natural, o que lhe confere um sabor irresistível e tradicional. Perfeito para acompanhar com pão ao pequeno almoço, ou para confecionar um snack a meio do dia, em deliciosas fatias finas, frescas e suculentas.","Ingredientes: Peito de peru (origem UE), água, amido, reguladores de acidez (lactato de potássio e lactato de sódio), dextrose, emulsionantes (sorbitol e trifosfatos), sal, proteínas de LEITE (contém LACTOSE), aromas, gelificantes (carragenina, goma de alfarroba e goma xantana), intensificadores de sabor (glutamato monossódico, guanilato dissódico e inosinato dissódico), açúcar, conservantes (acetatos de sódio e nitrito de sódio), antioxidante (eritorbato de sódio), cloreto de potássio e aroma de fumo.",,,taxable,,1,,,0,0,,,,,1,,,  2.59 ,IZIDORO O CHARCUTEIRO,,,https://loja.izidoro.pt/wp-content/uploads/2021/05/310196.png,,,,,,,,,0,1,Gama,GOURMET,1,1,Espécie,Peru,1,1,Tipo de Produto,Fiambre,1,1,110+30g,,"Energia (100g) 324KJ / 76KCAL\n Energia (por porção) 39KJ / 9KCAL\n Lípidos (100g) 0.8\n Lípidos (por porção) < 0,5\n Dos quais saturados (100g) 0.4\n Dos quais saturados (por porção) < 0,1\n Hidratos de Carbono (100g) 3.3\n Hidratos de Carbono (por porção) < 0,5\n Dos quais açucares (100g) 0.9\n Dos quais açucares (por porção) < 0,5\n \n \n Proteínas (100g) 14\n Proteínas (por porção) 1.7\n Sal (100g) 2\n Sal (por porção) 0.24",,,,,,,field_609f9c50d4bed,106,field_609faed7a882e,99,field_609faed7a882e,100,field_609faed7a882e,101,field_609faed7a882e,102,field_609faed7a882e,103,field_609faed7a882e,98,field_609faed7a882e,7,field_609faec3a882d,,,,
,simple,310197,Fiambre Peito de Frango Forno a Lenha,1,0,visible,"A tradição do fumeiro, o sabor por inteiro.
O nosso Fiambre Peito de Frango em Forno a Lenha é produzido com fumo natural, o que lhe confere um sabor irresistível e tradicional. Perfeito para acompanhar com pão ao pequeno almoço, ou para confecionar um snack a meio do dia, em deliciosas fatias finas, frescas e suculentas.","Ingredientes: Peito de frango (Origem: UE), água, amido, reguladores de acidez (lactato de potássio e lactato de sódio), sal, emulsionantes (sorbitol e trifosfatos), dextrose, LACTOSE, proteínas de LEITE, aromas (contém produtos à base de SOJA), gelificantes (carragenina, goma de alfarroba e goma de xantana), açúcar, intensificadores de sabor (glutamato monossódico, guanilato dissódico e inosinato dissódico), antioxidante (eritorbato de sódio), cloreto de potássio e conservantes (acetatos de sódio e nitrito de sódio).",,,taxable,,1,,,0,0,,,,,1,,,  2.59 ,IZIDORO O CHARCUTEIRO,,,https://loja.izidoro.pt/wp-content/uploads/2021/05/310197.png,,,,,,,,,0,1,Gama,GOURMET,1,1,Espécie,Frango,1,1,Tipo de Produto,Fiambre,1,1,110+30g,,"Energia (100g) 360KJ / 85KCAL\n Energia (por porção) 43KJ / 10KCAL\n Lípidos (100g) 1.1\n Lípidos (por porção) < 0,5\n Dos quais saturados (100g) 0.4\n Dos quais saturados (por porção) < 0,1\n Hidratos de Carbono (100g) 3.8\n Hidratos de Carbono (por porção) 0.5\n Dos quais açucares (100g) 0.8\n Dos quais açucares (por porção) < 0,5\n \n \n Proteínas (100g) 15\n Proteínas (por porção) 1.8\n Sal (100g) 3.3\n Sal (por porção) 0.4",,,,,,,field_609f9c50d4bed,106,field_609faed7a882e,99,field_609faed7a882e,100,field_609faed7a882e,101,field_609faed7a882e,102,field_609faed7a882e,103,field_609faed7a882e,98,field_609faed7a882e,7,field_609faec3a882d,,,,
,simple,310211,Salsichas Vegetais,1,0,visible,"As Salsichas Vegetais são feitas à base dos melhores vegetais da horta como a beterraba, os espinafres e mix de pimentos. Sem albumina de ovo, não integram qualquer proteína animal, são vegan e 100% origem vegetal. As Salsichas Vegetais também não têm glúten nem corantes na sua composição. Muito convenientes, rápidas de preparar, e repletas de sabor, são versáteis e rápidas de preparar, fáceis de cozinhar e capazes de convencer toda a família. Se fazes parte do clã Veggie Lovers não vais querer perder as nossas Salsichas Vegetais!","Ingredientes: Água, óleo de girassol, vegetais (cebola frita [cebola, óleo de palma, farinha de trigo (isento glúten) e sal], pimentos, beterraba, cenoura e espinafres), proteína isolada de SOJA (12%), azeite, proteína de batata, sal, especiarias (contém AIPO), intensificadores de sabor (glutamato monossódico) e aroma de fumo.",,,taxable,,1,,,0,0,,,,,1,,,  3.95 ,IZIDORO VEGGIE LOVERS,,,https://loja.izidoro.pt/wp-content/uploads/2021/05/310211.png,,,,,,,,,0,1,Gama,VEGGIE,1,1,Espécie,Vegan,1,1,Tipo de Produto,Salsichas,1,1,5un 220g,,"Energia (100g) 939KJ/226KCAL\n Energia (por porção) 413KJ / 100KCAL\n Lípidos (100g) 18\n Lípidos (por porção) 7.9\n Dos quais saturados (100g) 2.3\n Dos quais saturados (por porção) 1\n Hidratos de Carbono (100g) 3.5\n Hidratos de Carbono (por porção) 1.5\n Dos quais açucares (100g) < 0,5\n Dos quais açucares (por porção) < 0,5\n \n \n Proteínas (100g) 12\n Proteínas (por porção) 5.4\n Sal (100g) 1.5\n Sal (por porção) 0.66",,,,,,Certificação V-Label; Vegan,field_609f9c50d4bed,106,field_609faed7a882e,99,field_609faed7a882e,100,field_609faed7a882e,101,field_609faed7a882e,102,field_609faed7a882e,103,field_609faed7a882e,98,field_609faed7a882e,7,field_609faec3a882d,,,,
,simple,310271,Paio York,1,0,visible,"Essencialmente para todos os dias.
Elaborado com lombo de porco, o nosso Paio York em fatias clássicas tem um sabor intenso e ligeiramente salgado. De carne 100% portuguesa, é Ideal para colocar em sandes, tostas, ou numa tábua de enchidos!","Ingredientes: Pá de suíno (84%) (Origem: Portugal), água, reguladores de acidez (lactato de sódio), dextrose, sal, emulsionantes (trifosfatos), especiarias, gelificantes (carragenina, goma de alfarroba e cloreto de potássio), pimentão doce, aroma de fumo, antioxidante (eritorbato de sódio) e conservante (nitrito de sódio).",,,taxable,,1,,,0,0,,,,,1,,,  1.20 ,IZIDORO O CHARCUTEIRO,,,https://loja.izidoro.pt/wp-content/uploads/2021/05/310271.png,,,,,,,,,0,1,Gama,ESSENCIAL,1,1,Espécie,Porco,1,1,Tipo de Produto,Paio,1,1,85g,,"Energia (100g) 517KJ / 123KCAL\n Energia (por porção) 72KJ / 17KCAL\n Lípidos (100g) 4.5\n Lípidos (por porção) 0.6\n Dos quais saturados (100g) 2\n Dos quais saturados (por porção) < 0,5\n Hidratos de Carbono (100g) 3.1\n Hidratos de Carbono (por porção) < 0,5\n Dos quais açucares (100g) 3.1\n Dos quais açucares (por porção) < 0,5\n \n \n Proteínas (100g) 18\n Proteínas (por porção) 2.5\n Sal (100g) 4.2\n Sal (por porção) 0.59",,,,,,,field_609f9c50d4bed,106,field_609faed7a882e,99,field_609faed7a882e,100,field_609faed7a882e,101,field_609faed7a882e,102,field_609faed7a882e,103,field_609faed7a882e,98,field_609faed7a882e,7,field_609faec3a882d,,,,
,simple,310272,Bacon,1,0,visible,"Essencialmente para todos os dias.
Bacon em fatias para um pequeno almoço ou brunch em grande, ou para acompanhar pratos mais elaborados e impressionar a família e os amigos. De carne 100% portuguesa!","Ingredientes: Entremeada de suíno (96%) (Origem: Portugal), água, regulador de acidez (lactato de potássio), sal, xarope de glicose, emulsionantes (trifosfatos), aroma de fumo, antioxidante (eritorbato de sódio) e conservantes (acetatos de sódio e nitrito de sódio).",,,taxable,,1,,,0,0,,,,,1,,,  1.20 ,IZIDORO O CHARCUTEIRO,,,https://loja.izidoro.pt/wp-content/uploads/2021/05/310272.png,,,,,,,,,0,1,Gama,ESSENCIAL,1,1,Espécie,Porco,1,1,Tipo de Produto,Bacon,1,1,85g,,"Energia (100g) 1218KJ / 293KCAL\n Energia (por porção) 145KJ / 35KCAL\n Lípidos (100g) 20\n Lípidos (por porção) 2.8\n Dos quais saturados (100g) 7.8\n Dos quais saturados (por porção) 1.1\n Hidratos de Carbono (100g) 0.7\n Hidratos de Carbono (por porção) < 0,5\n Dos quais açucares (100g) < 0,5\n Dos quais açucares (por porção) < 0,5\n \n \n Proteínas (100g) 18\n Proteínas (por porção) 2.5\n Sal (100g) 2.3\n Sal (por porção) 0.32",,,,,,,field_609f9c50d4bed,106,field_609faed7a882e,99,field_609faed7a882e,100,field_609faed7a882e,101,field_609faed7a882e,102,field_609faed7a882e,103,field_609faed7a882e,98,field_609faed7a882e,7,field_609faec3a882d,,,,
,simple,310372,Salsichas Vegan,1,0,visible,"As Salsichas Vegan têm uma base de cenoura, salsa, cebola e alho. Uma opção conveniente e rápida de preparar, com alto teor em proteína, baixo teor de gorduras saturadas e são carregadas de sabor. São perfeitas para preparar uma versão vegana de qualquer prato típico português.
As Salsichas Vegan receberam a certificação V-Label de produto vegan em 2020, atribuída pela União Vegetariana Europeia (EVU), e são as primeiras salsichas com esta certificação desenvolvidas e produzidas por uma marca 100% portuguesa. Experimenta já as nossas Salsichas Vegan Izidoro Veggie Lovers!","Ingredientes: Água, óleo de girassol, proteína isolada de SOJA, azeite, proteína de batata, cebola frita [cebola, óleo de palma, farinha de trigo (isento glúten) e sal], sal, cenoura, especiarias (contém AIPO), dextrose e intensificadores de sabor (glutamato monossódico), alho, salsa e aroma de fumo.",,,taxable,,1,,,0,0,,,,,1,,,  2.59 ,IZIDORO VEGGIE LOVERS,,,https://loja.izidoro.pt/wp-content/uploads/2021/05/310372.png,,,,,,,,,0,1,Gama,VEGGIE,1,1,Espécie,Vegan,1,1,Tipo de Produto,Salsichas,1,1,8un 180g,,"Energia (100g) 931KJ/224KCAL\n Energia (por porção) 210KJ / 50KCAL\n Lípidos (100g) 18\n Lípidos (por porção) 4.1\n Dos quais saturados (100g) 2.4\n Dos quais saturados (por porção) 0.5\n Hidratos de Carbono (100g) 0.6\n Hidratos de Carbono (por porção) < 0,5\n Dos quais açucares (100g) < 0,5\n Dos quais açucares (por porção) < 0,5\n \n \n Proteínas (100g) 15\n Proteínas (por porção) 3.4\n Sal (100g) 2\n Sal (por porção) 0.46",,,,,,Certificação V-Label; Vegan,field_609f9c50d4bed,106,field_609faed7a882e,99,field_609faed7a882e,100,field_609faed7a882e,101,field_609faed7a882e,102,field_609faed7a882e,103,field_609faed7a882e,98,field_609faed7a882e,7,field_609faec3a882d,,,,
,simple,310541,Preparado Carne Bovino,1,0,visible,"O picado é nosso, a receita é sua.
A opção ideal para a ""tachada"" familiar, que podes preparar de antemão de forma fácil, rápida e conveniente. Perfeita para lasanhas, bolonhesas, ou o típico ""chili com carne"". Também podes confecionar ao fim-se-semana e fazer render durante a semana de trabalho para poupar tempo à hora da refeição! E claro, os miúdos também adoram.","Ingredientes: Carne de bovino (90%), água, farinha de milho, antioxidantes (citratos de sódio e ascorbato de sódio), conservantes (METABISSULFITO de sódio) e corantes (ácido carmínico).",,,taxable,,1,,,0,0,,,,,1,,,  3.99 ,IZIDORO O TALHANTE,,,https://loja.izidoro.pt/wp-content/uploads/2021/05/310541.png,,,,,,,,,0,1,Gama,ORIGINAL,1,1,Espécie,Bovino,1,1,Tipo de Produto,Picados,1,1,500g,,,,,,,,Para estufar,field_609f9c50d4bed,106,field_609faed7a882e,99,field_609faed7a882e,100,field_609faed7a882e,101,field_609faed7a882e,102,field_609faed7a882e,103,field_609faed7a882e,98,field_609faed7a882e,7,field_609faec3a882d,,,,
,simple,310542,Hambúrgueres Bovino,1,0,visible,"No prato ou no pão, o sabor é anfitrião.
Escolhe os teus acompanhamentos peferidos e disfruta ao máximo dos nossos hambúrgueres. Saborosos e suculentos, são uma opção rápida de confecionar e muito fácil de deixar no ponto. Não há como errar!","Ingredientes: Carne de bovino (90%), água, farinha de milho, antioxidantes (citratos de sódio e ascorbato de sódio), conservantes (METABISSULFITO de sódio) e corantes (ácido carmínico).",,,taxable,,1,,,0,0,,,,,1,,,  3.99 ,IZIDORO O TALHANTE,,,https://loja.izidoro.pt/wp-content/uploads/2021/05/310542.png,,,,,,,,,0,1,Gama,ORIGINAL,1,1,Espécie,Bovino,1,1,Tipo de Produto,Picados,1,1,4un 380g,,,,,,,,Para grelhar ou fritar (3 minutos de cada lado),field_609f9c50d4bed,106,field_609faed7a882e,99,field_609faed7a882e,100,field_609faed7a882e,101,field_609faed7a882e,102,field_609faed7a882e,103,field_609faed7a882e,98,field_609faed7a882e,7,field_609faec3a882d,,,,
,simple,310543,Almôndegas Bovino,1,0,visible,"Cuidado! Podem rolar para o prato do lado.
Se és daqueles que perde tempo a fazer as tuas próprias Almôndegas é porque ainda não provaste as nossas! Cheias de sabor, ideais para acompanhar com o teu molho preferido e massa, ou para fazer uma refeição mais ligeira com os teus acompanhamentos favoritos. A nossa receita preferida? Com molho de tomate e uma salada verde.","Ingredientes: Carne de bovino (90%), água, farinha de milho, antioxidantes (citratos de sódio e ascorbato de sódio), conservantes (METABISSULFITO de sódio) e corantes (ácido carmínico).",,,taxable,,1,,,0,0,,,,,1,,,  3.49 ,IZIDORO O TALHANTE,,,https://loja.izidoro.pt/wp-content/uploads/2021/05/310543.png,,,,,,,,,0,1,Gama,ORIGINAL,1,1,Espécie,Bovino,1,1,Tipo de Produto,Picados,1,1,10un 350g,,,,,,,,Para estufar,field_609f9c50d4bed,106,field_609faed7a882e,99,field_609faed7a882e,100,field_609faed7a882e,101,field_609faed7a882e,102,field_609faed7a882e,103,field_609faed7a882e,98,field_609faed7a882e,7,field_609faec3a882d,,,,
,simple,310544,Bifinhos Lombo Suíno Finíssimos,1,0,visible,"Fina no corte, rápida na confeção.
És amante de carne mas detestas passar horas ao fogão? A nossa gama de Bifinhos Finíssimos foi é para ti. Frita ou grelha os Bifinhos do Lombo durante 1 minuto de cada lado e já está. Só precisas de escolher o teu acompanhamento de eleição e tens uma refeição repleta de sabor, fácil e rápida!",Ingredientes: Carne de porco (bifinhos do lombo) refrigerada.,,,taxable,,1,,,0,0,,,,,1,,,  2.50 ,IZIDORO O TALHANTE,,,https://loja.izidoro.pt/wp-content/uploads/2021/05/310544.png,,,,,,,,,0,1,Gama,ORIGINAL,1,1,Espécie,Porco,1,1,Tipo de Produto,Fatiados Talho,1,1,200g,,,,,,,,Para grelhar ou fritar (1 minuto de cada lado),field_609f9c50d4bed,106,field_609faed7a882e,99,field_609faed7a882e,100,field_609faed7a882e,101,field_609faed7a882e,102,field_609faed7a882e,103,field_609faed7a882e,98,field_609faed7a882e,7,field_609faec3a882d,,,,
,simple,310545,Bifinhos Cachaço Suíno Finíssimos,1,0,visible,"Fina no corte, rápida na confeção.
És amante de carne mas detestas passar horas ao fogão? A nossa gama de Bifinhos Finíssimos foi é para ti. Frita ou grelha os Bifinhos do Cachaço durante 1 minuto de cada lado e já está. Só precisas de escolher o teu acompanhamento de eleição e tens uma refeição repleta de sabor, fácil e rápida!",Ingredientes: Carne de porco (bifinhos do cachaço) refrigerada.,,,taxable,,1,,,0,0,,,,,1,,,  2.50 ,IZIDORO O TALHANTE,,,https://loja.izidoro.pt/wp-content/uploads/2021/05/310545.png,,,,,,,,,0,1,Gama,ORIGINAL,1,1,Espécie,Porco,1,1,Tipo de Produto,Fatiados Talho,1,1,200g,,,,,,,,Para grelhar ou fritar (1 minuto de cada lado),field_609f9c50d4bed,106,field_609faed7a882e,99,field_609faed7a882e,100,field_609faed7a882e,101,field_609faed7a882e,102,field_609faed7a882e,103,field_609faed7a882e,98,field_609faed7a882e,7,field_609faec3a882d,,,,
,simple,310546,Entrecôte Novilho Maturado,1,0,visible,"Depois de maturar sobre o assunto, fica tenra e suculenta.
Uma carne tenra, cheia de sucos e de sabor. Tempera a gosto e grelha ou frita durante 5 minutos de cada lado em lume médio para ficar no ponto.",Ingredientes: Carne de bovino (acém redondo) refrigerada. A carne é maturada em vácuo.,,,taxable,,1,,,0,0,,,,,1,,,  6.99 ,IZIDORO O TALHANTE,,,https://loja.izidoro.pt/wp-content/uploads/2021/05/310546.png,,,,,,,,,0,1,Gama,GOURMET,1,1,Espécie,Bovino,1,1,Tipo de Produto,Fatiados Talho,1,1,1un 250-350g,,,,,,,,14 dias de maturação; Para grelhar ou fritar (5 minutos de cada lado); Dica: Abra a embalagem e deixe a carne descansar durante 30 minutos! ,field_609f9c50d4bed,106,field_609faed7a882e,99,field_609faed7a882e,100,field_609faed7a882e,101,field_609faed7a882e,102,field_609faed7a882e,103,field_609faed7a882e,98,field_609faed7a882e,7,field_609faec3a882d,,,,
,simple,310547,Hambúrgueres Novilho Cachaço&Acém,1,0,visible,"Em hamburguês, é receita para gourmês.
Escolhe os teus acompanhamentos peferidos e disfruta ao máximo dos nossos Hambúrgueres. Carne com 14 dias de maturação, de origem 100% Portuguesa, são do Cachaço e do Acém, sabor que não engana ninguém. Saborosos, tenros e suculentos, fazem as delícias até do mais exigente amante de Hambúrgueres.","Ingredientes: Carne de bovino (95%) (cachaço, acém e abas), farinha de milho, sal, antioxidantes (citratos de sódio e ascorbato de sódio), conservantes (METABISSULFITO de sódio) e corantes (ácido carmínico).",,,taxable,,1,,,0,0,,,,,1,,,  3.99 ,IZIDORO O TALHANTE,,,https://loja.izidoro.pt/wp-content/uploads/2021/05/310547.png,,,,,,,,,0,1,Gama,GOURMET,1,1,Espécie,Bovino,1,1,Tipo de Produto,Picados,1,1,2un 340g,,,,,,,,Para grelhar ou fritar (7 minutos de cada lado),field_609f9c50d4bed,106,field_609faed7a882e,99,field_609faed7a882e,100,field_609faed7a882e,101,field_609faed7a882e,102,field_609faed7a882e,103,field_609faed7a882e,98,field_609faed7a882e,7,field_609faec3a882d,,,,
,simple,310548,Rolo de Carne Bovino Queijo e Fiambre,1,0,visible,"Sugestão testada e aprovada pelo nosso Chef.
A escolha perfeita para quem aprecia um bom Rolo de Carne e não quer passar horas na cozinha. Basta cobrir com um pouco de azeite, flor de sal e uma folha de louro, juntar umas batatinhas para assar e levar ao forno! Acompanha com uma salada verde et voilá - rápido, fácil, conveniente, saboroso. O que é que se pode pedir mais?","Ingredientes: Carne de bovino (71%), água, fiambre (6%) (carne de suíno, água, sal, proteína de soja, reguladores de acidez (E326), emulsionantes (E450iii e E451i), açúcar, gelificantes (E407 e E415), dextrose, aromas, intensificadores de sabor (E621, E627 e E631), antioxidantes (E301 e E300) e conservantes (E250)), queijo (6%)(queijo, gordura vegetal, leite magro, proteínas lácteas, sal, amido e conservantes (E202)), pão ralado (farinha de trigo, água e levedura), sal, especiarias, antioxidantes (E331iii e E301) e conservantes (metabissulfito de sódio) e corantes (E120). . Percentagem de matérias gordas <20%. Relação colagénio/proteína da carne <25%.",,,taxable,,1,,,0,0,,,,,1,,,  4.99 ,IZIDORO O TALHANTE,,,https://loja.izidoro.pt/wp-content/uploads/2021/05/310548.png,,,,,,,,,0,1,Gama,GOURMET,1,1,Espécie,Bovino,1,1,Tipo de Produto,Picados,1,1,700g,,,,,,,,Para preparar no forno (180º durante 30 minutos),field_609f9c50d4bed,106,field_609faed7a882e,99,field_609faed7a882e,100,field_609faed7a882e,101,field_609faed7a882e,102,field_609faed7a882e,103,field_609faed7a882e,98,field_609faed7a882e,7,field_609faec3a882d,,,,
,simple,310549,Bifanas Suíno,1,0,visible,"Todo o cuidado na criação, nota-se logo na confeção.
Uma boa bifana não tem de ser comida no pão, também é uma excelente opção para uma refeição de prato rápida a acompanhar com os teus acompanhamentos de eleição. Se preferires no pão, não te esqueças de garantir que tens a bela carcaça fresca e os teus molhos preferidos para acompanhar e comer a Bifaninha à moda antiga!",Ingredientes: Carne de porco (bifanas) refrigerada.,,,taxable,,1,,,0,0,,,,,1,,,  3.49 ,IZIDORO O TALHANTE,,,https://loja.izidoro.pt/wp-content/uploads/2021/05/310549.png,,,,,,,,,0,1,Gama,ORIGINAL,1,1,Espécie,Porco,1,1,Tipo de Produto,Fatiados Talho,1,1,400g,,,,,,,,Para grelhar ou fritar (5 minutos de cada lado),field_609f9c50d4bed,106,field_609faed7a882e,99,field_609faed7a882e,100,field_609faed7a882e,101,field_609faed7a882e,102,field_609faed7a882e,103,field_609faed7a882e,98,field_609faed7a882e,7,field_609faec3a882d,,,,
,simple,310550,Bife da Vazia de Novilho,1,0,visible,"Depois de maturar sobre o assunto, fica tenra e suculenta.
Uma carne tenra, cheia de sucos e de sabor. Tempera a gosto e grelha ou frita durante 5 minutos de cada lado em lume médio para ficar no ponto.",Ingredientes: Carne de bovino (Vazia sem coberta) refrigerada. A carne é maturada em vácuo.,,,taxable,,1,,,0,0,,,,,1,,,  7.49 ,IZIDORO O TALHANTE,,,https://loja.izidoro.pt/wp-content/uploads/2021/05/310550.png,,,,,,,,,0,1,Gama,GOURMET,1,1,Espécie,Bovino,1,1,Tipo de Produto,Fatiados Talho,1,1,1un 200-300g,,,,,,,,14 dias de maturação; Para grelhar ou fritar; Dica: Abra a embalagem e deixe a carne descansar durante 30 minutos!,field_609f9c50d4bed,106,field_609faed7a882e,99,field_609faed7a882e,100,field_609faed7a882e,101,field_609faed7a882e,102,field_609faed7a882e,103,field_609faed7a882e,98,field_609faed7a882e,7,field_609faec3a882d,,,,
,simple,310551,Bifinhos Picanha Suíno Finíssimos,1,0,visible,"Fina no corte, rápida na confeção.
És amante de carne mas detestas passar horas ao fogão? A nossa gama de Bifinhos Finíssimos foi é para ti. Frita ou grelha a Picanha durante 1 minuto de cada lado e já está. Só precisas de escolher o teu acompanhamento de eleição e tens uma refeição repleta de sabor, fácil e rápida!",Ingredientes: Carne de porco (picanha) refrigerada.,,,taxable,,1,,,0,0,,,,,1,,,  2.50 ,IZIDORO O TALHANTE,,,https://loja.izidoro.pt/wp-content/uploads/2021/05/310551.png,,,,,,,,,0,1,Gama,ORIGINAL,1,1,Espécie,Porco,1,1,Tipo de Produto,Fatiados Talho,1,1,200g,,,,,,,,Para grelhar ou fritar (1 minuto de cada lado),field_609f9c50d4bed,106,field_609faed7a882e,99,field_609faed7a882e,100,field_609faed7a882e,101,field_609faed7a882e,102,field_609faed7a882e,103,field_609faed7a882e,98,field_609faed7a882e,7,field_609faec3a882d,,,,
,simple,310552,Entremeada Suíno,1,0,visible,"Todo o cuidado na criação, nota-se logo na confeção.
Um ""no-brainer"" para a churrascada de Primavera/Verão, a Entremeada não pode faltar no menu para o convívio entre família e amigos. Um clássico de churrasco!",Ingredientes: Carne de porco (entremeada) refrigerada.,,,taxable,,1,,,0,0,,,,,1,,,  3.99 ,IZIDORO O TALHANTE,,,https://loja.izidoro.pt/wp-content/uploads/2021/05/310552.png,,,,,,,,,0,1,Gama,ORIGINAL,1,1,Espécie,Porco,1,1,Tipo de Produto,Fatiados Talho,1,1,400g,,,,,,,,Para grelhar ou fritar (5 minutos de cada lado),field_609f9c50d4bed,106,field_609faed7a882e,99,field_609faed7a882e,100,field_609faed7a882e,101,field_609faed7a882e,102,field_609faed7a882e,103,field_609faed7a882e,98,field_609faed7a882e,7,field_609faec3a882d,,,,
,simple,310553,Salsicha Brasileira,1,0,visible,"A frescura é da carne, o calor é do Brasil.
A Salsicha perfeita para acompanhar com feijão preto, couve mineira e farofa. E se não te apetecer ir até ao Brasil nesta viagem de sabores? Esta Salsicha fresca também é excelente para o típico prato tuga, acompanhada com arroz, legumes e salada, quem sabe enrolada numa couve lombarda?","Ingredientes: Carne de suíno (75%) (Origem Portugal), água, fécula de batata, regulador de acidez (lactato de sódio), sal, açúcar, dextrina, especiarias, emulsionantes (trifosfatos e polifosfatos), conservante (SULFITO de sódio), antioxidante (ascorbato de sódio) e corante (ácido carmínico). Tripa comestível.",,,taxable,,1,,,0,0,,,,,1,,,  3.99 ,IZIDORO O TALHANTE,,,https://loja.izidoro.pt/wp-content/uploads/2021/05/310553.png,,,,,,,,,0,1,Gama,ORIGINAL,1,1,Espécie,Porco,1,1,Tipo de Produto,Salsichas,1,1,600g,,,,,,,,Para grelhar ou assar; Dica: pique as salsichas para evitar que a pele rebente. Coloque-as na grelha em lume médio e vá virando durante 12 minutos até estarem no ponto!,field_609f9c50d4bed,106,field_609faed7a882e,99,field_609faed7a882e,100,field_609faed7a882e,101,field_609faed7a882e,102,field_609faed7a882e,103,field_609faed7a882e,98,field_609faed7a882e,7,field_609faec3a882d,,,,
,simple,310554,Salsicha Fresca Extra,1,0,visible,"Naturalmente sempre fresca.
Mais um ""no-brainer"" para a churrascada de Primavera/Verão. A Salsicha Fresca não pode faltar no menu para o convívio entre família e amigos. A par da amiga Entremeada, um clássico de churrasco!","Ingredientes: Carne de suíno (Origem: Portugal), água, sal, fécula de batata, reguladores de acidez (lactato de sódio), LACTOSE, especiarias, dextrose, fibras vegetais, proteína de ervilha, antioxidantes (citratos de sódio e ascorbato de sódio), conservantes (METABISSULFITO de sódio) e corantes (ácido carmínico). Tripa comestível.",,,taxable,,1,,,0,0,,,,,1,,,  3.99 ,IZIDORO O TALHANTE,,,https://loja.izidoro.pt/wp-content/uploads/2021/05/310554.png,,,,,,,,,0,1,Gama,ORIGINAL,1,1,Espécie,Porco,1,1,Tipo de Produto,Salsichas,1,1,500g,,,,,,,,Para grelhar ou assar; Dica: pique as salsichas para evitar que a pele rebente. Coloque-as na grelha em lume médio e vá virando durante 12 minutos até estarem no ponto!,field_609f9c50d4bed,106,field_609faed7a882e,99,field_609faed7a882e,100,field_609faed7a882e,101,field_609faed7a882e,102,field_609faed7a882e,103,field_609faed7a882e,98,field_609faed7a882e,7,field_609faec3a882d,,,,
,simple,310555,Costeleta de Lombo Suíno,1,0,visible,"Todo o cuidado na criação, nota-se logo na confeção.
Um clássico da gastronomia portuguesa, as nossas Costeletas do Lombo são fáceis de preparar e garantem nota máxima num jantar em família ou amigos. Simplesmente grelhadas e temperadas a gosto, ou acompanhadas na frigideira com os teus ingredientes favoritos - sejam cogumelos, bacon, alho-francês (é à escolha do freguês) - fazem as delícias de uma familia portuguesa de forma fácil e rápida.",Ingredientes: Carne de porco (costeleta lombo) refrigerada.,,,taxable,,1,,,0,0,,,,,1,,,  3.49 ,IZIDORO O TALHANTE,,,https://loja.izidoro.pt/wp-content/uploads/2021/05/310555.png,,,,,,,,,0,1,Gama,ORIGINAL,1,1,Espécie,Porco,1,1,Tipo de Produto,Fatiados Talho,1,1,500g,,,,,,,,Para grelhar ou fritar (5 minutos de cada lado),field_609f9c50d4bed,106,field_609faed7a882e,99,field_609faed7a882e,100,field_609faed7a882e,101,field_609faed7a882e,102,field_609faed7a882e,103,field_609faed7a882e,98,field_609faed7a882e,7,field_609faec3a882d,,,,
,simple,310556,Preparado Carne Bovino Light,1,0,visible,"Todo o sabor, sem peso na consciência.
Uma versão Light do nosso Preparado de Carne de Bovino original, com menos gordura, mais saudável, mas com todo o sabor e garantia de qualidade da carne 100% Portuguesa.","Ingredientes:Carne de bovino (81%), água, farinha de milho, sal, antioxidantes (citratos de sódio e ascorbato de sódio), conservantes (METABISSULFITO de sódio) e corante (ácido carmínico).",,,taxable,,1,,,0,0,,,,,1,,,  3.99 ,IZIDORO O TALHANTE,,,https://loja.izidoro.pt/wp-content/uploads/2021/05/310556.png,,,,,,,,,0,1,Gama,BEM-ESTAR,1,1,Espécie,Bovino,1,1,Tipo de Produto,Picados,1,1,500g,,,,,,,,Para estufar; Menos 30% de gordura,field_609f9c50d4bed,106,field_609faed7a882e,99,field_609faed7a882e,100,field_609faed7a882e,101,field_609faed7a882e,102,field_609faed7a882e,103,field_609faed7a882e,98,field_609faed7a882e,7,field_609faec3a882d,,,,
,simple,310557,Almôndegas Bovino Light,1,0,visible,"Todo o sabor, sem peso na consciência.
Uma versão Light das nossas Almôndegas de Bovino originais, com menos gordura, mais saudável, mas com todo o sabor e garantia de qualidade da carne 100% Portuguesa.","Ingredientes: Carne de bovino (81%), água, farinha de milho, sal, antioxidantes (citratos de sódio e ascorbato de sódio), conservantes (METABISSULFITO de sódio) e corante (ácido carmínico).",,,taxable,,1,,,0,0,,,,,1,,,  3.49 ,IZIDORO O TALHANTE,,,https://loja.izidoro.pt/wp-content/uploads/2021/05/310557.png,,,,,,,,,0,1,Gama,BEM-ESTAR,1,1,Espécie,Bovino,1,1,Tipo de Produto,Picados,1,1,10un 350g,,,,,,,,Para estufar; Menos 30% de gordura,field_609f9c50d4bed,106,field_609faed7a882e,99,field_609faed7a882e,100,field_609faed7a882e,101,field_609faed7a882e,102,field_609faed7a882e,103,field_609faed7a882e,98,field_609faed7a882e,7,field_609faec3a882d,,,,
,simple,310558,Hambúrguer Vegan,1,0,visible,"Os Hambúrgueres Vegan são a escolha perfeita para quem procura uma refeição carregada de sabor sem comprometer o equilíbrio. Frescos, com alto teor em proteína, ricos em fibra e com um baixo teor de gorduras saturadas, estes Hambúrgueres Vegan estão prontos em 5 minutos e vão convencer toda a família e amigos, até aqueles mais chatos que até agora não conseguriam aderir ao #meatlessmonday porque achavam que não havia uma solução um sabor tão familiar. Feitos à base de proteína de ervilha e soja (não geneticamente modificada!), são uma opção vegan, 100% origem vegetal, que podes confecionar à tua medida e acompanhar com os teus acompanhamentos preferidos, no prato ou no pão. Experimenta já os nossos Hambúrgueres Vegan Izidoro Veggie Lovers, uma explosão de sabor que vem numa embalagem mais responsável, 100% reciclável, com menos 70% de plástico!","Ingredientes: Água, proteína de *SOJA (10%), proteína de ervilha (7%), óleo de girassol, fibra de bambu (3%), cebola frita 3% [cebola, **óleo de palma, farinha de trigo (isenta de gluten) e sal], aromas naturais, emulsionante (metilcelulose), sal, fibra de trigo (isento de glúten), regulador de acidez (lactato de potássio), sumos de beterraba vermelha, rabanete e tomate, dextrose, conservante (acetato de sódio), aroma de fumo.",,,taxable,,1,,,0,0,,,,,1,,,  3.49 ,IZIDORO VEGGIE LOVERS,,,https://loja.izidoro.pt/wp-content/uploads/2021/05/310558.png,,,,,,,,,0,1,Gama,VEGGIE,1,1,Espécie,Vegan,1,1,Tipo de Produto,Picados,1,1,2un 220g,,Energia (100g) 713KJ/171KCAL\n Energia (por porção) 784KJ / 188KCAL\n Lípidos (100g) 8.2\n Lípidos (por porção) 9\n Dos quais saturados (100g) 1.8\n Dos quais saturados (por porção) 2\n Hidratos de Carbono (100g) 9.7\n Hidratos de Carbono (por porção) 11\n Dos quais açucares (100g) 0.8\n Dos quais açucares (por porção) 0.8\n \n \n Proteínas (100g) 12\n Proteínas (por porção) 13\n Sal (100g) 1.8\n Sal (por porção) 2,,,,,,Produto Fresco Vegan; Proteína de Ervilha e Soja; Pode ser congelado; Certificação V-Label,field_609f9c50d4bed,106,field_609faed7a882e,99,field_609faed7a882e,100,field_609faed7a882e,101,field_609faed7a882e,102,field_609faed7a882e,103,field_609faed7a882e,98,field_609faed7a882e,7,field_609faec3a882d,,,,
,simple,310559,Bife Vegan,1,0,visible,"Quem disse que um Bife não podia ser Vegan? O Vegan Steak Izidoro Veggie Lovers veio provar que é possível! Com uma textura incrível, pronto em 5 minutos, este bife é saboroso, suculento, e uma opção rica e equilibrada para as refeições do teu dia-a-dia, com alto teor de proteína e fibra, mas baixo em gorduras saturadas. Feito à base de proteína de ervilha e soja (não geneticamente modificada!), o Bife Vegan Izidoro Veggie Lovers é o primeiro bife vegan com certificação V-Label desenvolvidos e produzids por uma marca 100% portuguesa. E como se isso não bastasse, é um produto fresco ainda mais amigo do ambiente pois vem numa embalagem 100% reciclável, com -70% de plástico!","Ingredientes: Água, proteína de SOJA (10%), proteína de ervilha (7%), óleo de girassol, GLÚTEN de trigo vital, emulsionantes (metilcelulose), fibra de bambu (3%), cebola frita (3%) [cebola, óleo de palma, farinha de trigo (isento glúten) e sal], aromas naturais, sal, fibra de trigo (isento de glúten), regulador de acidez (lactato de potássio), dextrose, sumos de beterraba vermelha, rabanete e tomate, cevada de malte (isento glúten), conservante (acetato de sódio), aroma de fumo.",,,taxable,,1,,,0,0,,,,,1,,,  2.99 ,IZIDORO VEGGIE LOVERS,,,https://loja.izidoro.pt/wp-content/uploads/2021/05/310559.png,,,,,,,,,0,1,Gama,VEGGIE,1,1,Espécie,Vegan,1,1,Tipo de Produto,Fatiados Talho,1,1,150g,,Energia (100g) 681KJ/163KCAL\n Energia (por porção) 1026KJ / 246KCAL\n Lípidos (100g) 7.6\n Lípidos (por porção) 11\n Dos quais saturados (100g) 1.6\n Dos quais saturados (por porção) 2.4\n Hidratos de Carbono (100g) 8.1\n Hidratos de Carbono (por porção) 12\n Dos quais açucares (100g) 1.3\n Dos quais açucares (por porção) 2\n \n \n Proteínas (100g) 13\n Proteínas (por porção) 19\n Sal (100g) 1.8\n Sal (por porção) 2.7,,,,,,Produto Fresco Vegan; Proteína de Ervilha e Soja; Pode ser congelado; Certificação V-Label,field_609f9c50d4bed,106,field_609faed7a882e,99,field_609faed7a882e,100,field_609faed7a882e,101,field_609faed7a882e,102,field_609faed7a882e,103,field_609faed7a882e,98,field_609faed7a882e,7,field_609faec3a882d,,,,
,simple,310560,Almôndegas Vegan,1,0,visible,"As Almôndegas Vegan Izidoro Veggie Lovers são a opção perfeita para variar na rotina e cozinhar uma refeição calorosa e familiar bastante saudável e equilibrada. Prontas em 5 minutos, estas Almôndegas Vegan à base de proteína de ervilha e soja (não geneticamente modificada!), são ideais para acompanhar um prato de massa com o teu molho preferido, ou para confecionar um prato mais light mas mesmo assim delicioso e carregado de sabor. Com alto teor em proteína, fonte de fibra e sem glúten, são 100% origem vegetal e têm certificação V-Label. E como se isso não bastasse, é um produto fresco ainda mais amigo do ambiente pois vem numa embalagem 100% reciclável, com -70% de plástico! Experimenta já as Almôndegas Vegan Izidoro Veggie Lovers!","Ingredientes: Água, proteína de *SOJA (10%), proteína de ervilha (7%), óleo de girassol, fibra de bambu (3%), cebola frita 3% [cebola, **óleo de palma, farinha de trigo (isenta de gluten) e sal], aromas naturais, emulsionante (metilcelulose), sal, fibra de trigo (isento de glúten), regulador de acidez (lactato de potássio), sumos de beterraba vermelha, rabanete e tomate, dextrose, conservante (acetato de sódio), aroma de fumo.",,,taxable,,1,,,0,0,,,,,1,,,  3.49 ,IZIDORO VEGGIE LOVERS,,,https://loja.izidoro.pt/wp-content/uploads/2021/05/310560.png,,,,,,,,,0,1,Gama,VEGGIE,1,1,Espécie,Vegan,1,1,Tipo de Produto,Picados,1,1,10un 220g,,Energia (100g) 713KJ/171KCAL\n Energia (por porção) 784KJ / 188KCAL\n Lípidos (100g) 8.2\n Lípidos (por porção) 9\n Dos quais saturados (100g) 1.8\n Dos quais saturados (por porção) 2\n Hidratos de Carbono (100g) 9.7\n Hidratos de Carbono (por porção) 11\n Dos quais açucares (100g) 0.8\n Dos quais açucares (por porção) 0.8\n \n \n Proteínas (100g) 12\n Proteínas (por porção) 13\n Sal (100g) 1.8\n Sal (por porção) 2,,,,,,Produto Fresco Vegan; Proteína de Ervilha e Soja; Pode ser congelado; Certificação V-Label,field_609f9c50d4bed,106,field_609faed7a882e,99,field_609faed7a882e,100,field_609faed7a882e,101,field_609faed7a882e,102,field_609faed7a882e,103,field_609faed7a882e,98,field_609faed7a882e,7,field_609faec3a882d,,,,
,simple,310565,Cabaz Menu da Semana Clássico,1,0,visible,"Com este cabaz levamos até ti toda a proteína que precisas para as refeições da semana, para ti e para a tua família! 6 refeições completas para 4 pessoas, para que não precises de pensar demasiado no menu da semana, nós ajudamos a simplificar. Com este menu da semana garantimos que há refeições fáceis, convenientes, cheias de sabor e muito versáteis para todos os gostos: as clássicas opções frescas num mix de preparados e cortes entre carne de vaca e porco, a opção veggie para que não falhes as #meatlessmondays (ou para o amigo vegan que convidas para um petisco), salsichas para uma refeição mais prática e leve sem grandes demoras e o fiambre mais fresco e saboroso para snacks e lanches! Nós garantimos todo o sabor e praticidade, só tens de encomendar. Vê abaixo a composição total deste cabaz!",,,,taxable,,1,,,0,0,,,,,1,,,  28.79 ,CABAZES,,,https://loja.izidoro.pt/wp-content/uploads/2021/05/310565.png,,,,,,,,,0,1,Gama,ORIGINAL,1,1,Espécie,Mix,1,1,Tipo de Produto,Cabaz,1,1,"11un 2,800Kg",,,,,,,,"- 6 refeições completas
- 4 pessoas
- Mix Carne Fresca, Salsichas e Fiambre
- Opção Veggie
- Refeições variadas e saborosas",field_609f9c50d4bed,106,field_609faed7a882e,99,field_609faed7a882e,100,field_609faed7a882e,101,field_609faed7a882e,102,field_609faed7a882e,103,field_609faed7a882e,98,field_609faed7a882e,7,field_609faec3a882d,,,,
,simple,310566,Cabaz Menu da Semana Health&Fitness,1,0,visible,"Estás numa onda mais saudável e gostas de garantir que promoves ao máximo o teu bem-estar através de uma alimentação cuidada e equilibrada? Este cabaz foi constituído a pensar em ti e na saúde de toda a família. Opções variadas em versão light, num mix entre carne de vaca com -30% de gordura e porco, hambúrgueres frescos 100% origem vegetal, salsichas com baixo teor de calorias (mas com toda a proteína que precisas) e fiambre fresco em fatias finas, de porco (carne 100% portuguesa!) e de peru, para lanches e snacks cheios de sabor mas com todo o equilíbrio que procuras. 5 refeições completas para 4 pessoas, fáceis de preparar, muito versáteis e com toda a conveniência que precisas para enfrentar a correria da semana sem teres de te procuprar em ir às compra. Nós garantimos todo o sabor, praticidade e equilíbrio que procuras, só tens de encomendar. Vê abaixo a composição total deste cabaz!",,,,taxable,,1,,,0,0,,,,,1,,,  25.39 ,CABAZES,,,https://loja.izidoro.pt/wp-content/uploads/2021/05/310566.png,,,,,,,,,0,1,Gama,BEM-ESTAR,1,1,Espécie,Mix,1,1,Tipo de Produto,Cabaz,1,1,"10un 2,230Kg",,,,,,,,"- 5 refeições completas
- 4 pessoas
- Mix Carne Fresca, Salsichas e Fiambre
- Opção Veggie
- Refeições variadas e saborosas",field_609f9c50d4bed,106,field_609faed7a882e,99,field_609faed7a882e,100,field_609faed7a882e,101,field_609faed7a882e,102,field_609faed7a882e,103,field_609faed7a882e,98,field_609faed7a882e,7,field_609faec3a882d,,,,
,simple,310567,Cabaz Menu da Semana Veggie,1,0,visible,"Com este pack Veggie levamos até ti toda a proteína 100% origem vegetal que precisas para as refeições da semana. Chega de desesperar durante a semana sem saber o que fazer para a próxima refeição ou idas de emergência ao supermercado! São 5 refeições completas para 2 pessoas num mix de produtos frescos e salsichas, com todo o sabor e conveniência que procuras, entregues diretamente em tua casa. Opções variadas, versáteis e saborosas, de confeção fácil e rápida, preparadas com muito amor por nós que, enquanto marca 100% portuguesa, desenvolvemos os melhores produtos a pensar em ti. Vê abaixo a composição total deste cabaz!",,,,taxable,,1,,,0,0,,,,,1,,,  27.99 ,CABAZES,,,https://loja.izidoro.pt/wp-content/uploads/2021/05/310567.png,,,,,,,,,0,1,Gama,VEGGIE,1,1,Espécie,Vegan,1,1,Tipo de Produto,Cabaz,1,1,"10un 1,965Kg",,,,,,,,"- 5 refeições completas
- 2 pessoas
- Mix Frescos e Salsichas
- Refeições variadas e saborosas
",field_609f9c50d4bed,106,field_609faed7a882e,99,field_609faed7a882e,100,field_609faed7a882e,101,field_609faed7a882e,102,field_609faed7a882e,103,field_609faed7a882e,98,field_609faed7a882e,7,field_609faec3a882d,,,,
,simple,310568,Cabaz Churrascada,1,0,visible,"Planos para um churrasco no fim-de-semana? Nós temos a solução! Com este cabaz especialmente desenvolvido para os mestres do BBQ tens tudo o que precisas para agradar a todos os gostos, até ao amigo vegetariano ou àquele amante de carne que mesmo assim aprecia variar de vez em quando. Um mix de carne fresca de porco com todos os cortes que não podem faltar na verdadeira churrascada e opções veganas, é à escolha do freguês. Aqui tens tudo o que precisas para um bom convívio entre amigos num dia de verão onde a estrela da companhia é o grelhador (e toda a garantira de qualidade da carne 100% portuguesa, claro). Vê abaixo a composição total deste cabaz!",,,,taxable,,1,,,0,0,,,,,1,,,  27.49 ,CABAZES,,,https://loja.izidoro.pt/wp-content/uploads/2021/05/310568.png,,,,,,,,,0,1,Gama,ORIGINAL,1,1,Espécie,Mix,1,1,Tipo de Produto,Cabaz,1,1,"9un 3,370Kg",,,,,,,,"- 8 pessoas
- BBQ
- Opção Veggie
- Refeições variadas e saborosas",field_609f9c50d4bed,106,field_609faed7a882e,99,field_609faed7a882e,100,field_609faed7a882e,101,field_609faed7a882e,102,field_609faed7a882e,103,field_609faed7a882e,98,field_609faed7a882e,7,field_609faec3a882d,,,,
17,simple,woo-cap,Hamburger Vegan,1,1,visible,This is a simple product.,"Pellentesque habitant morbi tristique senectus et netus et malesuada fames ac turpis egestas. Vestibulum tortor quam, feugiat vitae, ultricies eget, tempor sit amet, ante. Donec eu libero sit amet quam egestas semper. Aenean ultricies mi vitae est. Mauris placerat eleifend leo.",,,taxable,,1,,,0,0,,,,,1,,,,O Charcuteiro,,,http://localhost:8888/wp_lozaizidoro/wp-content/uploads/2021/05/otalhante-1.png,,,,,,,,,0,1,Gama,"BEM-ESTAR, ESSENCIAL, GOURMET, ORIGINAL",1,1,Espécie,"Aves, Bovino, Frango, Mix, Peru, Porco, Porco e Aves, Vegan",1,1,Tipo de Produto,"Bacon, Cabaz, Fatiados Talho, Fiambre, Paio, Picados, Salsichas",1,1,2 UN | 220 G,field_609f8dc172d97,"There are many variations of passages of Lorem Ipsum available, but the majority have suffered alteration in some form, by injected humour, or randomised words which don't look even slightly believable. If you are going to use a passage of Lorem Ipsum, you need to be sure there isn't anything embarrassing hidden in the middle of text. All the Lorem Ipsum generators on the Internet tend to repeat predefined chunks as necessary, making this the first true generator on the Internet. It uses a dictionary of over 200 Latin words, combined with a handful of model sentence structures, to generate Lorem Ipsum which looks reasonable. The generated Lorem Ipsum is therefore always free from repetition, injected humour, or non-characteristic words etc.",field_609f9bb1d4bea,"There are many variations of passages of Lorem Ipsum available, but the majority have suffered alteration in some form, by injected humour, or randomised words which don't look even slightly believable. If you are going to use a passage of Lorem Ipsum, you need to be sure there isn't anything embarrassing hidden in the middle of text. All the Lorem Ipsum generators on the Internet tend to repeat predefined chunks as necessary, making this the first true generator on the Internet. It uses a dictionary of over 200 Latin words, combined with a handful of model sentence structures, to generate Lorem Ipsum which looks reasonable. The generated Lorem Ipsum is therefore always free from repetition, injected humour, or non-characteristic words etc.1",field_609f9c2fd4beb,"There are many variations of passages of Lorem Ipsum available, but the majority have suffered alteration in some form, by injected humour, or randomised words which don't look even slightly believable. If you are going to use a passage of Lorem Ipsum, you need to be sure there isn't anything embarrassing hidden in the middle of text. All the Lorem Ipsum generators on the Internet tend to repeat predefined chunks as necessary, making this the first true generator on the Internet. It uses a dictionary of over 200 Latin words, combined with a handful of model sentence structures, to generate Lorem Ipsum which looks reasonable. The generated Lorem Ipsum is therefore always free from repetition, injected humour, or non-characteristic words etc.2",field_609f9c43d4bec,"There are many variations of passages of Lorem Ipsum available, but the majority have suffered alteration in some form, by injected humour, or randomised words which don't look even slightly believable. If you are going to use a passage of Lorem Ipsum, you need to be sure there isn't anything embarrassing hidden in the middle of text. All the Lorem Ipsum generators on the Internet tend to repeat predefined chunks as necessary, making this the first true generator on the Internet. It uses a dictionary of over 200 Latin words, combined with a handful of model sentence structures, to generate Lorem Ipsum which looks reasonable. The generated Lorem Ipsum is therefore always free from repetition, injected humour, or non-characteristic words etc.3",field_609f9c50d4bed,106,field_609faed7a882e,99,field_609faed7a882e,100,field_609faed7a882e,101,field_609faed7a882e,102,field_609faed7a882e,103,field_609faed7a882e,98,field_609faed7a882e,7,field_609faec3a882d,,,,